W1KG15409|དཔལ་ལྡན་བླ་མའི་རྣམ་ཐར་གྱི་དཀར་ཆག་མུ་ཏིག་འཕྲེང་བ།|ccby|openAccess
W19674|རྫོགས་ཆེན་ཡང་རྩེ་ལྟ་བ་ཐོག་དབབ་རྩ་འགྲེལ།|ccby|openAccess
W1CZ1000|ཞང་ཞུང་སྙན་རྒྱུད་ཀྱི་གསུང་པོད།|ccby|openAccess
W1CZ1007|ཀུན་རིག་སྒྲོན་མའི་ཆོ་ག|ccby|openAccess
W1CZ2330|བོན་གྱི་ཆོས་འབྱུང|ccby|openAccess
W1KG11871|གསུང་འབུམ། བདེ་ཆེན་གླིང་པ།|ccby|openAccess
W1KG3709|རོལ་པ་ཟང་ཐལ་གྱི་གཅོད་སྐོར།|ccby|openAccess
W1KG3814|བསྒྲགས་པ་གླིང་གྲགས་དང་བོན་རིའི་དཀར་ཆག|ccby|openAccess
W1KG3960|ཟབ་ལམ་མཁའ་འགྲོ་གསང་བའི་གཅོད་ཀྱི་གདམས་པ།|ccby|openAccess
W1KG3965|རྟ་རྣ་ཆོས་ཀྱི་གྲགས་པའི་སྐྱེས་རབས་གསོལ་འདེབས་དང་འོད་ཟེར་ཅན་མའི་སྒྲུབ་སྐོར་ཐུགས་སྒྲུབ།|ccby|openAccess
W1KG3971|ཟབ་མོ་སྐུ་གསུམ་བཅུད་དྲིལ་གྱི་ཁྲིད་གཞུང་སོགས་ཀྱི་གསུང་པོད།|ccby|openAccess
W1KG3988|བསྟན་པའི་རྩ་བ་འདུལ་བརྒྱུད་མཁན་སློབ་ཀྱི་རྣམ་ཐར་དག་སྣང་ཡིད་འཇོའི་ཤེལ་སྒོང་མ་ཎི།|ccby|openAccess
W1KG582|ཞི་ཁྲོའི་ཆོས་སྐོར་ཞུ་ལུགས།|ccby|openAccess
W1KG584|ཞི་ཁྲོའི་ཆོས་སྐོར་ཧོར་ལུགས།|ccby|openAccess
W1KG585|ཞི་ཁྲོའི་ཆོས་སྐོར་བྲུ་ལུགས།|ccby|openAccess
W1KG586|ཕྱི་རྒྱུད་ཆོ་ག་བཅུ་གཉིས་ཀྱི་སྐོར།|ccby|openAccess
W1KG588|དཔལ་ཕུར་ནག་པོ་སྒྲུབ་པའི་ལས་ཚོགས་སྐོར།|ccby|openAccess
W1KG6139|གཡུང་དྲུང་བོན་གྱི་མདོ་སྔགས་སེམས་གསུམ་གྱི་གཞུང་།|ccby|openAccess
W1PD105878|ཨ་ཁྲིད་ཐུན་མཚམས་བཅོ་ལྔ་པ་མ་བུ་ཅ་ལག་དང་བཅས་པ།|ccby|openAccess
W1KG12021|བྱང་ཆུབ་ལམ་གྱི་རིམ་པའི་དམིགས་ཁྲིད་གཤེན་བསྟན་གསལ་བའི་སྒྲོན་མེ་དང་འཁྲིད་ཡིག་དམར་མོ་མཛུབ་ཚུག་གི་སྔོན་འགྲོའི་རྣམ་བཤད།|ccby|openAccess
W1KG11965|རྒྱལ་གཤེན་རྣམ་ཐར།|ccby|openAccess
W20078|ལེགས་བཤད་མཛོད།|ccby|openAccess
W20081|ལེགས་བཤད་མཛོད|ccby|openAccess
W20576|མདོ་གཟེར་མིག|ccby|openAccess
W20849|བསྟན་པའི་རྣམ་བཤད་དར་རྒྱས་གསལ་བའི་སྒྲོན་མེ|ccby|openAccess
W21805|སྔོན་འགྲོའི་ཁྲིད་ཡིག་བཀའ་ལུང་རྒྱ་མཚོ|ccby|openAccess
W21872|བཀའ་འགྱུར ༼བོན་པོ༽|ccby|openAccess
W21975|ཤར་རྫ་བ་བཀྲ་ཤིས་རྒྱལ་མཚན་གྱི་རྣམ་ཐར|ccby|openAccess
W23417|བྱམས་མའི་སྙིང་ཐིག|ccby|openAccess
W23419|ཧཱུཾ་ཆེན་སྙིང་གི་ཐིག་ལེའི་སྐོར།|ccby|openAccess
W23420|གསུང་ཐོར་བུ། ཧཱུཾ་ཆེན་འགྲོ་འདུལ་གླིང་པ།|ccby|openAccess
W23421|རྫོགས་ཆེན་ཁྲིད་ཡིག་སྔོན་འགྲོའི་རྣམ་བཤད།|ccby|openAccess
W23424|བོན་པོའི་ཡིག་ཆ་ལས་འདུལ་བའི་སྐོར།|ccby|openAccess
W23425|བོན་པོའི་ཡིག་ཆ་ལས་ཕར་ཕྱིན་སྐོར།|ccby|openAccess
W23426|བོན་པོའི་ཡིག་ཆ་ལས་མངོན་པའི་སྐོར།|ccby|openAccess
W23427|བོན་པོའི་ཡིག་ཆ་ལས་ཚད་མའི་སྐོར།|ccby|openAccess
W23431|མདོ་གཟེར་མིག|ccby|openAccess
W23434|མདོ་དྲི་མེད་གཟི་བརྗིད།（དབུ་ཅན་བྲིས་མ།）|ccby|openAccess
W23443|ཀླུ་འབུམ་དཀར་ནག་ཁྲ་གསུམ་རྒྱས་པ།|ccby|openAccess
W23456|ཞི་ཁྲོ་དགོངས་འདུས།|ccby|openAccess
W23457|ཞི་ཁྲོ་དགོངས་པ་ཀུན་འདུས་དང་མ་མོ་རྦོད་གཏོང་།|ccby|openAccess
W23458|མཁའ་འགྲོ་དགོངས་པ་ཀུན་འདུས་ཀྱི་སྐོར།|ccby|openAccess
W23459|བདེར་གཤེགས་རིག་འཛིན་དགོངས་པ་ཀུན་འདུས་འཆི་མེད་གསང་བ་གསུམ་དྲིལ།|ccby|openAccess
W23463|ཀུན་རིག་ཆོ་གའི་སྒྲུབ་སྐོར།|ccby|openAccess
W23464|བོན་གསར་ལུགས་ཀྱི་བསང་མཆོད་ཀྱི་སྐོར།|ccby|openAccess
W23465|མ་མོ་རྦོད་སྟོང་སྣང་སྲིད་ཟིལ་གནོན་གྱི་རྒྱུད་སྐོར།|ccby|openAccess
W23466|སྟོང་གསུམ་འཁྲུགས་བཅོས་ས་སྙིང་གི་ཆོ་གའི་སྐོར།|ccby|openAccess
W23469|འབུམ་ཉི་མ་དགུ་ཤར།|ccby|openAccess
W23506|རྣམ་ཐར་གཡུང་དྲུང་གསང་བའི་མཛོད་ཆེན།|ccby|openAccess
W23545|བོན་པོའི་མདོ་མང་།|ccby|openAccess
W23546|སངས་རྒྱས་མཚན་མདོ།|ccby|openAccess
W23547|བོན་པོའི་གཟུངས་འདུས།|ccby|openAccess
W23548|འཕྲུལ་ངག་བདེན་པའི་བོན་བསྐལ་པ་བཟང་པོའི་མདོ།|ccby|openAccess
W23550|རྫོགས་ཆེན་གསེར་གྱི་ཐུར་མ།|ccby|openAccess
W23551|སྟོང་ཆེན་མཐུ་ཆེན་གྱི་སྒྲུབ་སྐོར།|ccby|openAccess
W23552|སྟོང་རྒྱུན་མཐུ་ཆེན་གྱི་སྒྲུབ་སྐོར།|ccby|openAccess
W23553|ཁྲོ་བོ་ལྷ་རྒོད་ཐོག་པའི་བསྙེན་སྒྲུབ་ལས་གསུམ་གྱི་སྐོར།|ccby|openAccess
W23557|སངས་རྒྱས་གླིང་པའི་རྣམ་ཐར།|ccby|openAccess
W23562|རིག་འཛིན་ཀུན་གྲོལ་གྲགས་པའི་རྣམ་ཐར།|ccby|openAccess
W1KG13840|རྫ་སྟེང་ཆེན་དགོན་མདོ་སྔགས་བསྟན་རྒྱས་གླིང་གི་བྱུང་བ་བརྗོད་པ་ངོ་མཚར་གསེར་གྱི་གླིང་བུ།|ccby|openAccess
W24672|གསོ་རིག་འབུམ་བཞི|ccby|openAccess
W23422|སྐྱེས་བུ་ཆེན་པོ་ཉི་མ་འབུམ་གསལ་དབང་གི་རྒྱལ་པོའི་རྣམ་ཐར།|ccby|openAccess
W24825|ཞང་བོད་ཀྱི་བསྟན་འབྱུང་ལོ་རྒྱུས་ལྷ་རྒྱུད་རིན་ཆེན་ཕྲེང་བ་མ་བཅོས་གསེར་གྱི་ཡང་ཞུན|ccby|openAccess
W23460|དམར་ཁྲིད་དུག་ལྔ་རང་གྲོལ་གྱི་ཁྲིད་རིམ།|ccby|openAccess
W25095|བོད་ཀྱི་བོན་དགོན་ཁག་གི་ལོ་རྒྱུས་དང་ད་ལྟའི་གནས་བབ|ccby|openAccess
W25250|སངས་རྒྱས་གཡུང་དྲུང་བོན་གྱི་ཞལ་འདོན་དང་ལོ་རྒྱུས་ཉུང་བསྡུས་ཞང་ཞུང་སྙིང་ཏིག|ccby|openAccess
W1KG12308|གཡུང་དྲུང་བོན་གྱི་འབྱུང་བ་བརྗོད་པ།|ccby|openAccess
W1KG12385|སྲིད་པ་རྒྱུད་ཀྱི་ཁ་བྱང་ཆེན་མོ།|ccby|openAccess
W1KG13777|སྲིད་པའི་མཛོད་ཕུགས་ཀྱི་གཞུང་དང་འགྲེལ་བ་འཕྲུལ་གྱི་སྒྲོན་མེ།|ccby|openAccess
W1KG13779|རིག་ལམ་ནོར་བུའི་ཕྲེང་བ།|ccby|openAccess
W1KG13781|རྡུལ་ཚོན་དང་སྐུ་གདུང་ཐིག་རྩ་གཟུངས་གཞུག་བཅས་ཀྱི་ལག་ལེན།|ccby|openAccess
W27487|མན་ངག་གནད་ཀྱི་རྫོང་འཕྲང་གི་སྐོར།|ccby|openAccess
W27911|བཀྲ་ཤིས་རྒྱལ་མཚན་གྱི་རྣམ་ཐར་བསྡུས་པ|ccby|openAccess
W1KG18518|གསུང་ཐོར་བུ། གཡུང་དྲུང་དབང་རྒྱལ།|ccby|openAccess
W28802|གལ་མདོ།|ccby|openAccess
W2CZ7869|གཡུང་དྲུང་བོན་གྱི་ལོ་རྒྱུས་མདོར་བསྡུས།|ccby|openAccess
W2CZ7988|གསུང་འབུམ། བཀྲ་ཤིས་རྒྱལ་མཚན།|ccby|openAccess
W30076|གཡུང་དྲུང་བོན་གྱི་ཞལ་འདོན་ཉུང་བསྡུས|ccby|openAccess
W30158|ཁྱབ་བདག་འཁོར་ལོའི་མགོན་པོ་མཁས་གྲུབ་འཇིགས་མེད་ནམ་མཁའི་རྣམ་ཐར་དད་བརྒྱའི་རྨ་བྱ་རྣམ་པར་རྩེ་བ|ccby|openAccess
W30453|གཉན་རོང་རྫོང་དགོན་སྡེའི་ལོ་རྒྱུས|ccby|openAccess
W30498|བོན་གྱི་བཀའ་བརྟེན།|ccby|openAccess
W1KG14500|གངས་ཏི་སེ་བོན་གཞུང་རིག་མཛོད་དཔེ་ཚོགས་ཆེན་མོ།|ccby|openAccess
W1KG10569|ལམ་ཁྲིད་གཤེན་བསྟན་གསལ་བའི་སྒྲོན་མེའི་བསྒོམ་རིམ་རྣམ་མཁྱེན་གྲོང་དུ་འཇུག་པའི་ལམ་བཟང་དང་རྫོགས་པ་ཆེན་པོ་དམར་མོ་མཛུབ་ཁྲིད་སོགས།|ccby|openAccess
W1KG9075|གསེར་འོད་ནོར་བུ་འོད་འབར།|ccby|openAccess
W1KG1794|བོད་བརྒྱུད་སངས་རྒྱས་གཡུང་དྲུང་བོན་གྱི་བགྲོད་ལམ་དགའ་བའི་སེམས།|ccby|openAccess
W1KG589|དབལ་གསས་རྩོད་ཟློག|ccby|openAccess
W00EGS1016296|སྤྱི་འདུལ་རྟ་དབུ་དམར་ཆུང|ccby|openAccess
W00EGS1016835|ཞང་ཞུང་སྙན་རྒྱུད་ཀྱི་གསུང་པོད། ༼སྡེ་དགེ་པར་མ།༽|ccby|openAccess
W00KG016|རྗེ་རིན་པོ་ཆེ་མཉམ་མེད་ཤེས་རབ་རྒྱལ་མཚན་གྱི་རྣམ་ཐར|ccby|openAccess
W00KG03566|མི་ནག་མགོ་གསུམ་གྱི་མངོན་རྟོག་སོགས། ༼དབུ་མེད།༽|ccby|openAccess
W00KG03599|ཀན་ལྷོ་ཁུལ་གྱི་བོན་དགོན་ལོ་རྒྱུས་མདོར་བསྡུས|ccby|openAccess
W00KG03671|སྒྲུང་ལྡེའུ་བོན་གསུམ་གྱི་གཏམ་ཨེ་མ་ཧོ|ccby|openAccess
W00KG04064|རྫོགས་པ་ཆེན་པོ་ཡང་རྩེ་ཀློང་ཆེན།|ccby|openAccess
W13653|བོན་གྱི་བཀའ་འགྱུར་དཀར་ཆག|ccby|openAccess
W1KG587|མདོ་དྲི་མེད་གཟི་བརྗིད།（༼དབུ་མེད།༽|ccby|openAccess
W1KG2793|གསུང་ཐོར་བུ། བཀྲ་ཤིས་རྒྱལ་མཚན།|ccby|openAccess
W4CZ48539|སྙེམས་ཐག་གཅོད་པའི་ཁྲིད་ཀྱི་ཆ་ལག|ccby|openAccess
W2PD17384|མདོ་སྨད་མདའ་ཚང་ཡུལ་གྱི་གནའ་དཔེ་ཕྱོགས་བསྡུས་མཐོང་བ་དོན་ལྡན།|ccby|openAccess
W2PD17385|མདོ་ཁམས་ཡུལ་གྱི་བོད་ཡིག་གནའ་དཔེ་ཕྱོགས་བསྡུས་མཐོང་བ་མཛུམ་བཞད།|ccby|openAccess
W8LS16849|བཀའ་འབུམ། ཉི་མ་རྒྱལ་མཚན།|ccby|openAccess
