rid|tib-title|license|access
W3916|གསུང་འབུམ། པདྨ་རྣམ་རྒྱལ|ccby|openAccess
W4CZ1103|བཀའ་འབུམ། སྟག་ཤམ་ནུས་ལྡན་རྡོ་རྗེ།|ccby|openAccess
W30117|རྡོ་རྗེ་ཕུར་པའི་སྒྲུབ་ཆོག|ccby|openAccess
W30346|མཁའ་འགྲོ་བདུད་འདུལ་དྲག་མོ|ccby|openAccess
W23454|ཞི་ཁྲོ་དགོངས་པ་རང་གྲོལ་གྱི་ཆོས་སྐོར|ccby|openAccess
W15575|ཐེག་པ་ཆེན་པོའི་ཚུལ་ལ་འཇུག་པ|ccby|openAccess
W15651|བྱ་རུང་ཁ་ཤོར་གྱི་ལོ་རྒྱུས|ccby|openAccess
W1KG10153|ཆོས་སྤྱོད་ཀྱི་རིམ་པ་རྣམ་པར་གྲོལ་བའི་ལམ་གྱི་ཤིང་རྟ།|ccby|openAccess
W1KG11703|རྒྱུད་བཅུ་བདུན། （ཨ་འཛོམ་པར་མ།）|ccby|openAccess
W1KG15471|གསུང་འབུམ། བསྟན་པའི་དབང་ཕྱུག ༼གློག་ཀླད་པར་མ།༽|ccby|openAccess
W1KG11707|རྫོགས་པ་ཆེན་པོ་ཨ་ཏི་ཟབ་དོན་སྙིང་པོའི་ཆོས་སྐོར།|ccby|openAccess
W1KG11718|གུ་རུ་དྲག་པོ་བདེ་གཤེགས་ཀུན་འདུས་ཀྱི་སྐོར།|ccby|openAccess
W17319|བཀའ་ཐང་སྡེ་ལྔ།（མི་རིགས་དཔེ་སྐྲུན་ཁང་།）|ccby|openAccess
W18|སྒྲུབ་ཐབས་འདོད་འཇོའི་འབུམ་བཟང་།|ccby|openAccess
W18557|དགོངས་པ་ཟང་ཐལ|ccby|openAccess
W18640|ཆོས་ཀྱི་བཟང་པོའི་རྣམ་ཐར|ccby|openAccess
W18978|བླ་མ་དགོངས་འདུས|ccby|openAccess
W19229|བཀའ་མ་རྒྱས་པ|ccby|openAccess
W19277|གསུང་ཐོར། མདོ་སྔགས་ཆོས་ཀྱི་རྒྱ་མཚོ|ccby|openAccess
W19471|ཉམས་མགུར|ccby|openAccess
W19550|ཡང་ཏིག་ནག་པོ་གསེར་གྱི་འབྲུ་གཅིག་པ|ccby|openAccess
W19666|འོད་གསལ་རྡོ་རྗེ་གསང་མཛོད།|ccby|openAccess
W19669|པདྨ་འབྱུང་གནས་ཀྱི་རྣམ་ཐར་བསྡུས་པ་སོགས།|ccby|openAccess
W19692|ལས་རབ་གླིང་པའི་རྣམ་ཐར|ccby|openAccess
W19708|རྙིང་མའི་སྐྱེས་མཆོག་རིམ་བྱོན་གྱི་རྣམ་ཐར|ccby|openAccess
W19884|གསུང་འབུམ། རིག་འཛིན་གར་གྱི་དབང་ཕྱུག|ccby|openAccess
W19895|དམར་མཆོད་ཀྱི་ཉེས་དམིགས|ccby|openAccess
W1KG11782|རྙིང་མ་པའི་དཔེ་ཐོ་སྣ་ཚོགས།|ccby|openAccess
W1CZ1033|འཇམ་དབྱངས་མཁྱེན་བརྩེའི་དབང་པོའི་རྣམ་ཐར|ccby|openAccess
W1CZ1065|མཁའ་འགྲོ་སྙན་བརྒྱུད་ཀྱི་གཉན་ཁྲོད་འགྲིམ་པའི་ཡིག་ཆུང|ccby|openAccess
W1CZ1193|གསུང་ཐོར་བུ། དྲི་མེད་འོད་ཟེར། ༼དབུ་མེད།༽|ccby|openAccess
W1PD181145|སྔ་འགྱུར་གཡག་ཟེ་དགོན་གྱི་གཏེར་མའི་སྒྲུབ་མཆོད་ལས། རཏ་ཕུར་གྱི་སྐོར།|ccby|openAccess
W1CZ1878|རྡོ་རྗེ་ཕག་མོའི་ཟབ་ཁྲིད་ཀྱི་ཆོས་སྐོར|ccby|openAccess
W1PD181148|སྔ་འགྱུར་གཡག་ཟེ་དགོན་གྱི་གཏེར་མའི་སྒྲུབ་མཆོད་དང་ཚེས་བཅུའི་འདོན་ཆ་ལས། ཐུགས་ཆེན་འགྲོ་བ་ཀུན་གྲོལ་དང་རཏྣའི་ཚེ་སྒྲུབ་སྐོར།|ccby|openAccess
W1PD181149|སྔ་འགྱུར་གཡག་ཟེ་དགོན་གྱི་གཏེར་མའི་སྒྲུབ་མཆོད་ལས། བྱང་གཏེར་ཐུགས་སྒྲུབ་ཀྱི་སྐོར།|ccby|openAccess
W1PD181150|སྔ་འགྱུར་གཡག་ཟེ་དགོན་གྱི་གཏེར་མའི་སྒྲུབ་མཆོད་ལས། དཔལ་ཆེན་འདུས་པའི་སྐོར།|ccby|openAccess
W1PD181151|སྔ་འགྱུར་གཡག་ཟེ་དགོན་གྱི་གཏེར་མའི་སྒྲུབ་མཆོད་ལས། དགོངས་འདུས་སྐོར།|ccby|openAccess
W1PD181152|སྔ་འགྱུར་གཡག་ཟེ་དགོན་གྱི་གཏེར་མའི་སྒྲུབ་མཆོད་ལས། ཞི་ཁྲོའི་སྐོར།|ccby|openAccess
W1PD181153|སྔ་འགྱུར་གཡག་ཟེ་དགོན་གྱི་བཀའ་མའི་སྒྲུབ་མཆོད་ལས། དོང་སྤྲུགས་ཀྱི་སྐོར།|ccby|openAccess
W1PD181154|སྔ་འགྱུར་གཡག་ཟེ་དགོན་གྱི་བཀའ་མའི་སྒྲུབ་མཆོད་ལས། སྒྱུ་འཕྲུལ་ཁྲོ་བོའི་སྐོར།|ccby|openAccess
W1PD181155|སྔ་འགྱུར་གཡག་ཟེ་དགོན་གྱི་བཀའ་མའི་སྒྲུབ་མཆོད་ལས། སྒྱུ་འཕྲུལ་ཞི་བའི་སྐོར།|ccby|openAccess
W1PD181156|སྔ་འགྱུར་གཡག་ཟེ་དགོན་གྱི་བཀའ་མའི་སྒྲུབ་མཆོད་ལས། རོག་ཕུར་གྱི་སྐོར།|ccby|openAccess
W1PD181157|སྔ་འགྱུར་གཡག་ཟེ་དགོན་གྱི་བཀའ་མའི་སྒྲུབ་མཆོད་ལས། ཡང་དག་གི་སྐོར།|ccby|openAccess
W1PD181159|སྔ་འགྱུར་གཡག་ཟེ་དགོན་པའི་འདོན་ཆ་ལས། དུག་ཕུར་སྐོར།|ccby|openAccess
W1KG17585|ཕུང་པོ་གཟན་སྐྱུར་གྱི་རྣམ་བཤད་གཅོད་ཀྱི་དོན་གསལ་བྱེད།|ccby|openAccess
W1CZ2287|རྡོ་རྗེ་བྲག་ཨེ་ཝམ་ལྕོག་སྒར་བའི་འདུས་སྡེ་རྣམས་ཀྱི་ཆོས་སྤྱོད་རབ་གསལ|ccby|openAccess
W1CZ2401|འཇམ་མགོན་པདྨ་རྣམ་རྒྱལ་ཡབ་སྲས་ཀྱི་གསུང་གཅེས་བཏུས་ཁ་ཤས་དང་། སྐྱེད་རྫོགས་གནད་བསྡུས་འགྲེལ་པ་རྡོ་གྲུབ་ལུང་བསྟན། དྲང་ངེས་དགོངས་གསལ་ནོར་བུའི་འཕྲེང་བ|ccby|openAccess
W1KG12306|ཆོས་སྤྱོད་བདེ་ཆེན་ཐེམ་སྐས་ཀྱི་བུ་ཡིག་པདྨ་དྲྭ་བ།|ccby|openAccess
W1CZ2547|གསུང་ཐོར་བུ། རྒྱལ་སྲས་འགྱུར་མེད་རྡོ་རྗེ|ccby|openAccess
W1CZ2548|རིག་འཛིན་འགྱུར་མེད་རྡོ་རྗེའི་ལོ་རྒྱུས་ཆུ་ཟླའི་སྣང་བརྙན|ccby|openAccess
W1CZ2549|འགྲོ་འདུལ་དཔའ་བོ་རྡོ་རྗེའི་རྣམ་ཐར་སྐལ་བཟང་ཡིད་ཀྱི་གདུང་སེལ|ccby|openAccess
W1CZ3878|པད་གླིང་ནོར་རྒྱམ་དང་ཞི་ཁྲོ་ཀུན་བཟང་དགོངས་འདུས་ཀློང་གསལ་བཅས་ཕྱོགས་གཅིག་ཏུ་བསྡེབས་པ|ccby|openAccess
W1CZ3883|ཚེ་སྒྲུབ་རྡོ་རྗེ་འཕྲེང་བའི་རྒྱུན་ཁྱེར་འཆི་མེད་ཐིག་ལེ|ccby|openAccess
W1CZ896|སྙིང་ཐིག་གི་སྔོན་འགྲོའི་ཁྲིད་རིམ་ཐར་ལམ་སྣང་སྒྲོན|ccby|openAccess
W1CZ900|བདུད་འཇོམས་གླིང་པའི་རྣམ་ཐར་ཞལ་གསུངས་མ|ccby|openAccess
W1GS45274|གསུང་འབུམ། ཚེ་དབང་ནོར་བུ།|ccby|openAccess
W1GS45961|ཉག་བླ་རང་རིག་རྡོ་རྗེའི་རྣམ་ཐར་དང་མགུར་འབུམ|ccby|openAccess
W1GS60696|རྫོགས་རིམ་མན་ངག་སྙིང་པོ་གསེར་གྱི་ཡང་ཞུན་གྱི་ཆོས་སྐོར།|ccby|openAccess
W1KG11868|སྤྲུལ་སྐུ་ཀརྨ་གླིང་པའི་གཏེར་བྱོན་བཛྲ་གུ་རུའི་ཕན་ཡོན་དང་འབྲུ་འགྲེལ།|ccby|openAccess
W1GS61404|གསུང་འབུམ། ཀུན་བཟང་འགྲོ་འདུལ་བདེ་ཆེན་རྡོ་རྗེ།|ccby|openAccess
W1GS61411|དད་ལྡན་སྐལ་བཟང་སྐྱེ་བོའི་ཞལ་འདོན་དང་བླང་དོར་གྱི་རིམ་པ་གསལ་བར་བཀོད་པ་ཐར་པའི་སྒོ་ཆེན་འབྱེད་པའི་ལྡེའུ་མིག|ccby|openAccess
W1GS66367|གསུང་འབུམ། མདོ་སྔགས་བསྟན་པའི་སྒྲོན་མེ|ccby|openAccess
W1GS983|ཨ་རིག་མཁན་ཆེན་པདྨ་ཚེ་དབང་གི་རྣམ་ཐར།|ccby|openAccess
W1KG10057|པདྨ་བདེ་བའི་རྒྱལ་པོའི་གསུང་རྩོམ་གཅེས་བཏུས།|ccby|openAccess
W1KG10061|རིག་འཛིན་རྡོ་རྗེ་དྲག་པོའི་གསུང་འབུམ།|ccby|openAccess
W1KG10067|རིག་འཛིན་རྒོད་ལྡེམ་གྱི་བརྒྱག་རྔན་དང་སྒེར་གསོལ།|ccby|openAccess
W1KG10070|གྲོ་ལོད་བཀའ་ཐང་སོགས།|ccby|openAccess
W1KG10097|ཡི་དམ་དགོངས་འདུས་རྒྱས་པའི་ལས་བདུད་རྩི་སྨན་གྱི་སྒྲུབ་སྐོར་སོགས།|ccby|openAccess
W1KG10098|སྟག་ཤམ་གཏེར་བྱོན་གུ་རུ་ཞི་དྲག་སྐོར།|ccby|openAccess
W1KG10100|གུ་རུ་སྣང་སྲིད་ཟིལ་གནོན་གྱི་གཏེར་ཆོས།|ccby|openAccess
W1KG10101|ཐུགས་རྗེ་ཆེན་པོ་འཁོར་འདས་ཟིལ་གནོན།|ccby|openAccess
W1KG10137|ཐུགས་རྗེ་ཆེན་པོ་ཡེ་ཤེས་འོད་མཆོག|ccby|openAccess
W1KG10144|དཀོན་མཆོག་སྤྱི་འདུས་ཀྱི་ཆོས་སྐོར།|ccby|openAccess
W1KG10392|རིག་འཛིན་ཀློང་གསལ་སྙིང་པོའི་གཏེར་ཆོས།|ccby|openAccess
W1KG10548|གཅོད་སྐོར་དགེ་ལུགས་པའི་ཆོ་ག།|ccby|openAccess
W1KG10580|ཆོས་བདག་བཀའ་འབུམ།|ccby|openAccess
W1KG10593|རྫོགས་པ་ཆེན་པོ་རྒྱུད་ཀྱི་རྒྱལ་པོ་པདྨ་ཞི་ཁྲོའི་ལོ་རྒྱུས་ཆོས་ཀྱི་འབྱུང་ཚུལ་རཏྣའི་ཆར།|ccby|openAccess
W1KG10616|ཐུགས་རྗེ་ཆེན་པོའི་ཚེ་ཆོག་ལ་སོགས་པ།|ccby|openAccess
W1KG10630|གསུང་ཐོར་བུ། ཆོས་དབྱིངས་སྟོབས་ལྡན་རྡོ་རྗེ།|ccby|openAccess
W1KG10749|རྡོ་རྗེ་འཆང་དངོས་མཁན་ཆེན་མུན་སེལ་མཆོག་གི་ཟབ་གསུང་གཅེས་བསྡུས་དང་ཉེར་མཁོ་ཁག་ཅིག|ccby|openAccess
W1KG10770|རིག་འཛིན་འདས་རྗེས་དང་མི་ཕམ་གྱི་སེམས་ངོ་མཛུབ་ཚུགས་ཀྱི་གདམས་པའི་འགྲེལ་པ་སོགས།|ccby|openAccess
W1KG10771|རྡོ་རྗེ་ཕུར་པ་སྤུ་གྲི་རེག་གཅོད། ༼དབུ་མེད།༽|ccby|openAccess
W1KG10776|སྤྱོད་བསྡུས་སྒྲོན་མེ། ༼དབུ་མེད།༽|ccby|openAccess
W1KG10777|མཁའ་འགྲོ་དགོངས་པ་ཀུན་འདུས།|ccby|openAccess
W1KG10781|རྡོ་རྗེ་ཕག་མོའི་ཟབ་ཁྲིད་ཀྱི་སྐོར། ༼དབུ་ཅན་བྲིས་མ།༽|ccby|openAccess
W1KG10782|བཀའ་མ་དོང་སྤྲུགས་དང་གཏེར་ཁ་གོང་འོག་གི་ཆོ་གའི་སྐོར།|ccby|openAccess
W1KG10783|ས་དང་དགོངས་གཏེར་གྱི་མན་ངག་སྣ་ཚོགས། ༼དབུ་མེད།༽|ccby|openAccess
W1KG10785|ཁྲག་འཐུང་པདྨ་དྲག་པོའི་ཆོས་སྐོར།|ccby|openAccess
W1KG10854|གསུང་འབུམ། ཐུབ་བསྟན་ཆོས་ཀྱི་གྲགས་པ། ༼སྡེ་དགེ་པར་མ།༽|ccby|openAccess
W1KG10870|རྡོ་རྗེ་སྙིང་པོ་སྤྲིན་གྱི་ཐོལ་གླུ། ༼འབྲས་ལྗོངས་པར་མ།༽|ccby|openAccess
W1KG1246|སྤྲང་རྒན་ཨོ་རྒྱན་བསྟན་འཛིན་པའི་རྣམ་ཐར་བསྡུས་པ|ccby|openAccess
W1KG14|རིན་ཆེན་གཏེར་མཛོད་ཆེན་མོ།|ccby|openAccess
W1KG1579|རྣམ་དག་བདེ་བ་ཅན་གྱི་ཞིང་སྒྲུབ་པདྨ་དྲྭ་བ|ccby|openAccess
W1KG1646|མ་གཅིག་ལབ་ཀྱི་སྒྲོན་མའི་རྣམ་ཐར་དང་གཅོད་ཀྱི་ཆོས་སྐོར་མ་འོངས་ལུང་བསྟན་བཅས་པ|ccby|openAccess
W1KG1958|གཏེར་ཆོས། པདྨ་གཏུམ་པོ།|ccby|openAccess
W1KG11871|གསུང་འབུམ། བདེ་ཆེན་གླིང་པ།|ccby|openAccess
W1KG2782|རྡོ་གྲུབ་འཇིགས་མེད་ཕྲིན་ལས་འོད་ཟེར་གྱི་གསུང་ཐོར་བུ་དང་རྡོ་གྲུབ་སྐུ་ཕྲེང་རིམ་བྱོན་གྱི་རྣམ་ཐར་ཕྱོགས་བསྡུས།|ccby|openAccess
W1KG2851|ཐོབ་ཡིག་ཡིད་ཀྱི་མུན་སེལ|ccby|openAccess
W1KG3166|ཡིད་བཞིན་མཛོད་ཀྱི་འགྲེལ་པ་པདྨ་དཀར་པོ|ccby|openAccess
W1PD181166|སྔ་འགྱུར་གཡག་ཟེ་དགོན་གྱི་འདོན་ཆ་ལས། ཀར་གླིང་ཞི་ཁྲོའི་སྐོར།|ccby|openAccess
W1PD181167|སྔ་འགྱུར་གཡག་ཟེ་དགོན་གྱི་འདོན་ཆ་ལས། སྔགས་གསོ་སྐོར།|ccby|openAccess
W1PD181168|སྔ་འགྱུར་གཡག་ཟེ་དགོན་གྱི་འདོན་ཆ་ལས། རྡོར་སེམས་སྐོར།|ccby|openAccess
W1PD181170|སྔ་འགྱུར་གཡག་ཟེ་དགོན་གྱི་འདོན་ཆ་ལས། སེང་གདོང་མའི་སྐོར།|ccby|openAccess
W1PD181172|གཡག་ཟེའི་སྐུ་ཆུང་ལྔ་པ་གར་དབང་བསྟན་འཛིན་བཟང་པོའི་གཏེར་ཆོས།|ccby|openAccess
W1PD181173|སྔ་འགྱུར་གཡག་ཟེའི་གཏེར་སྟོན་བདེ་མཆོག་གླིང་པའི་གཏེར་ཆོས།|ccby|openAccess
W1PD181174|སྔ་འགྱུར་གཡག་ཟེ་དགོན་གྱི་འདོན་ཆ་ལས། གུ་དྲག་མེ་རླུང་འཁྱིལ་བའི་སྐོར།|ccby|openAccess
W1PD181175|སྔ་འགྱུར་གཡག་ཟེ་དགོན་གྱི་འདོན་ཆ་ལས། དཔལ་ཆེན་བཀའ་བརྒྱུད་ཀྱི་སྐོར།|ccby|openAccess
W1PD181176|སྔ་འགྱུར་གཡག་ཟེ་དགོན་གྱི་འདོན་ཆ་ལས། ནོར་བདག་དམར་པོ་སྐོར་གསུམ་གྱི་སྐོར།|ccby|openAccess
W1PD181177|སྔ་འགྱུར་གཡག་ཟེ་དགོན་གྱི་འདོན་ཆ་ལས། བྱང་གཏེར་བཀའ་བརྒྱད་ཀྱི་སྐོར།|ccby|openAccess
W1PD181178|སྔ་འགྱུར་གཡག་ཟེ་དགོན་གྱི་འདོན་ཆ་ལས། རྟ་མགྲིན་དྲེགས་ཟིལ་གྱི་སྐོར།|ccby|openAccess
W1PD181179|སྔ་འགྱུར་གཡག་ཟེ་དགོན་གྱི་འདོན་ཆ་ལས། ཉི་གྲགས་སྨན་བླའི་སྐོར།|ccby|openAccess
W1KG3570|སྔ་འགྱུར་བསྟན་པ་རྒྱས་པའི་སྨོན་ལམ་གྱི་འགྲེལ་པ་ཕྱོགས་ལས་རྣམ་པར་རྒྱལ་བའི་རྒྱལ་མཚན|ccby|openAccess
W1PD181195|བཀའ་གཏེར་མན་ངག་རྒྱ་མཚོ་ཡི། །ལུང་རིག་མན་ངག་གི་གཏེར་མཛོད་བཞུགས༎|ccby|openAccess
W1KG3673|རྫོགས་པ་ཆེན་པོ་ཀློང་ཆེན་སྙིང་ཐིག་གི་ཐུན་མོང་དང་ཐུན་མོང་མ་ཡིན་པའི་ཁྲིད་ཡིག|ccby|openAccess
W1KG3709|རོལ་པ་ཟང་ཐལ་གྱི་གཅོད་སྐོར།|ccby|openAccess
W1KG3720|གཏེར་སྟོན་བདེ་བའི་རྡོ་རྗེའི་རྡོ་རྗེ་ཕག་མོའི་ཟབ་ཁྲིད|ccby|openAccess
W1KG3820|ཐུགས་རྗེ་ཆེན་པོའི་བཤད་ཐབས|ccby|openAccess
W1KG3834|བཅོམ་ལྡན་འདས་ཚེ་དཔག་མེད་གནམ་ལྕགས་རྡོ་རྗེ་དངོས་གྲུབ་ཀུན་འདུས་ལས་དཔེ་ཐོ་འཛོམ་ཡིག་ཤེལ་གྱི་ཕྲེང་བ་བདག་མཁར་ཆེན་གཟས་བྲིས་པ|ccby|openAccess
W1KG3939|ཀུན་བཟང་འགྲོ་འདུལ་བདེ་ཆེན་རྡོ་རྗེའི་བཀའ་འབུམ་ཕྱོགས་བསྡུས|ccby|openAccess
W1KG3960|ཟབ་ལམ་མཁའ་འགྲོ་གསང་བའི་གཅོད་ཀྱི་གདམས་པ།|ccby|openAccess
W1KG3973|འཇའ་ཚོན་པོད་དྲུག་གི་དབང་དཔེ།|ccby|openAccess
W1KG3977|རིག་འཛིན་བདེ་གཤེགས་འདུས་པ་ལས༔་རབ་ཏུ་གནས་པའི་ཆོ་ག་རྟེན་འབྲེལ་སྙིང་པོ་སོགས་ཆོས་ཚན་ཁག་ཅིག|ccby|openAccess
W1KG3982|གཅོད་ཚོགས|ccby|openAccess
W1KG4000|གཡག་རྒྱལ་གཏེར་སྟོན་བཟང་པོ་རྡོ་རྗེའི་གཏེར་བྱོན་སྲིན་རྒྱལ་བདུད་འདུལ་དྲག་པོའི་སྒྲུབ་ཐབས་ཡང་ཟབ་རྡོ་རྗེ་ཕ་ལམ་གྱི་ཆོས་སྡེ|ccby|openAccess
W1KG4185|གསུང་འབུམ། འཇམ་དཔལ་ནོར་བུ།|ccby|openAccess
W1KG4192|ཁམས་སྤྲུལ་བསྟན་པའི་ཉི་མའི་གཏེར་བྱོན་དང་གསུང་ཐོར་བུ་སོགས|ccby|openAccess
W1KG11906|བཀའ་བརྒྱད་རྣམ་བཤད་སོགས་འཇམ་མགོན་མི་ཕམ་རིན་པོ་ཆེའི་གསུང་།|ccby|openAccess
W1KG4214|རིག་འཛིན་ཀུན་བཟང་རྡོ་རྗེའི་རྣམ་ཐར་སྐལ་ལྡན་སྙིང་གི་མུན་སེལ་རིག་པའི་སྒྲོན་མ|ccby|openAccess
W1KG4219|གསུང་འབུམ། འོད་ཟེར་རྒྱ་མཚོ|ccby|openAccess
W1KG4228|གསུང་ཐོར་བུ། རཏྣ་གླིང་པ|ccby|openAccess
W1PD181180|གཡག་ཟེ་གཏེར་སྟོན་ཨོ་རྒྱན་ཐེག་མཆོག་གླིང་པའི་གཏེར་ཆོས།|ccby|openAccess
W1PD181181|སྔ་འགྱུར་གཡག་ཟེའི་མཁས་གྲུབ་རྣམས་ཀྱི་གསུང་ཐོར་བུ།|ccby|openAccess
W1PD181182|གཡག་ཟེ་གཏེར་སྟོན་པདྨ་བསྟན་འཕེལ་གྱི་གཏེར་ཆོས།|ccby|openAccess
W1PD181183|སྔ་འགྱུར་གཡག་ཟེ་དགོན་གྱི་གཏེར་མའི་སྒྲུབ་མཆོད་ལས། པདྨ་རྒྱལ་པོ་དང་ཐུགས་ཆེན་ཚོར་བ་རང་གྲོལ་གྱི་སྐོར།|ccby|openAccess
W1PD181187|སྔ་འགྱུར་གཡག་ཟེ་དགོན་གྱི་འདོན་ཆ་ལས། གུར་དྲག་པདྨ་དྲག་ཁྲོས་ཀྱི་སྐོར།|ccby|openAccess
W1PD181189|སྔ་འགྱུར་གཡག་ཟེ་དགོན་གྱི་བཀའ་མའི་སྒྲུབ་མཆོད་ཀྱི་ཉེར་མཁོ་ཁ་སྐོང་སྐོར།|ccby|openAccess
W1PD181198|སྔ་འགྱུར་གཡག་ཟེ་དགོན་གྱི་གཏེར་མའི་སྒྲུབ་མཆོད་ཀྱི་ཉེར་མཁོ་ཁ་སྐོང་སྐོར།|ccby|openAccess
W1KG4282|གསུང་འབུམ། ནུས་ལྡན་རྡོ་རྗེ།|ccby|openAccess
W1PD181206|གཏེར་ཆོས། རཏྣ་གླིང་པ།|ccby|openAccess
W1PD181208|གཏེར་ཆོས། རཏྣ་གླིང་པ།|ccby|openAccess
W1PD181209|གཏེར་ཆོས། རཏྣ་གླིང་པ།|ccby|openAccess
W1KG4338|རྩེ་ལེ་སྣ་ཚོགས་རང་གྲོལ་གྱི་གསུང་གདམས་ཟབ་ཕྱོགས་བསྒྲིགས།|ccby|openAccess
W1KG4461|གསུང་ཐོར་བུ། ཆོས་དབྱིངས་རང་གྲོལ|ccby|openAccess
W1KG4517|བླ་ཕུར་སྦྲགས་མའི་ཕྲིན་ལས་སྒྲུབ་སྐོར|ccby|openAccess
W1KG4616|གཏེར་ཆོས། བདུད་འདུལ་རྡོ་རྗེ|ccby|openAccess
W1KG4884|གསུང་འབུམ། དྲི་མེད་འོད་ཟེར། （དཔལ་བརྩེགས། མེས་པོའི་ཤུལ་བཞག）|ccby|openAccess
W1KG5152|བཀའ་བརྒྱད་བདེ་གཤེགས་འདུས་པ་སྨིན་གླིང་ལུགས|ccby|openAccess
W1KG5153|རིག་འཛིན་ཐུགས་ཐིག་གི་གླེགས་བམ|ccby|openAccess
W1KG5187|ཐུགས་རྗེ་ཆེན་པོ་བདེ་གཤེགས་ཀུན་འདུས་ཀྱི་ཆོས་སྐོར|ccby|openAccess
W1KG5327|གཏེར་ཆེན་པདྨ་གླིང་པའི་གཏེར་བྱོན་རྩ་གསུམ་ཆོས་སྲུང་དང་བཅས་པའི་སྒྲུབ་ཐབས་གཅེས་བཏུས|ccby|openAccess
W1KG5328|ཐུབ་བསྟན་རིས་སུ་མ་ཆད་པའི་བླ་མ་མཆོད་པ་དང་ལྷན་ཐབས་བཅས|ccby|openAccess
W1KG5688|སྔ་འགྱུར་སྨིན་གླིང་རྒྱལ་བ་ཕུག་ཁང་པའི་ཞལ་འདོན་ཕྱོགས་སྒྲིགས|ccby|openAccess
W1KG586|ཕྱི་རྒྱུད་ཆོ་ག་བཅུ་གཉིས་ཀྱི་སྐོར།|ccby|openAccess
W1KG6048|ཞི་ཁྲོ་དགོངས་པ་རང་གྲོལ|ccby|openAccess
W1KG6068|སྔ་འགྱུར་རྒྱལ་བ་ཕུག་ཁང་པའི་སྐྱབས་རྗེ་གྲུབ་དབང་རིམ་བྱོན་གྱིས་གསུང་ཆོས་ཕྱོགས་བསྡུས།|ccby|openAccess
W1KG6247|གསུང་འབུམ། རིག་འཛིན་བདུད་འཇོམས་རྡོ་རྗེའི།|ccby|openAccess
W1KG6249|སྡེ་དགེ་འཇིགས་མེད་སྐལ་བཟང་སྐུ་ཕྲེང་སྔ་ཕྱིའི་གསུང་རྩོམ་ཕྱོགས་བསྒྲིགས།|ccby|openAccess
W1KG6254|གསུང་རྩོམ། མགོན་པོ་ཚེ་བརྟན།|ccby|openAccess
W1KG6257|གསུང་འབུམ། མདོ་སྔགས་ཆོས་ཀྱི་རྒྱ་མཚོ།|ccby|openAccess
W1KG825|གསུང་འབུམ། ངག་དབང་བློ་བཟང་རྒྱ་མཚོ|ccby|openAccess
W1KG8464|བླ་མའི་རྣལ་འབྱོར་བྱིན་རླབས་མྱུར་སྩོལ་གྱི་ཁྲིད་ཡིག|ccby|openAccess
W1KG8536|རང་བཞིན་རྫོགས་པ་ཆེན་པོའི་མན་ངག་དང་ཞལ་གདམས་ཀྱི་སྐོར་ཕྱོགས་བསྒྲིགས་ཀུན་བཟང་ཐུགས་ཀྱི་དགའ་ཚལ།|ccby|openAccess
W1KG8555|གསང་ཆེན་སྔ་འགྱུར་བའི་སྒྲུབ་སྡེ་སྤྱི་ལ་ཉེར་མཁོའི་ཡིག་ཆ་མན་ངག་གཏེར་གྱི་བང་མཛོད།|ccby|openAccess
W1KG8823|དགོངས་གཏེར་བཀའ་ཐང་དང་དེའི་འགྲེལ་པ།|ccby|openAccess
W1KG892|རྙིང་མའི་རྒྱུད་བཅུ་བདུན། （ཨ་འཛོམས་པར་མ། དི་ལླཱི་རུ་བསྐྱར་པར་བརྒྱབ་པ།）|ccby|openAccess
W1KG8927|ལས་བྱང་སྤྱི་ལ་གཅེས་པའི་ཟུར་འགེབ་མཚམས་སྦྱར་མཛེས་རྒྱན།|ccby|openAccess
W1KG8929|རྒྱུན་འདོན་ཕྱོགས་བསྒྲིགས།|ccby|openAccess
W1KG9014|གནམ་ཆོས་རྩ་གསུམ་འདོན་ཆ་འབྲིང་པོ།|ccby|openAccess
W1KG9255|རིན་ཆེན་གཏེར་མཛོད་མཚུར་ཕུ་པར་མའི་དཀར་ཆག|ccby|openAccess
W1KG9257|ཀམ་ཚང་བཀའ་བརྒྱུད་དང་རིས་མེད་དཔེ་ཐོ།|ccby|openAccess
W1KG9279|གསང་སྔགས་སྔ་འགྱུར་གྱི་བསྟན་འཛིན་སྐྱེས་མཆོག་རིམ་བྱོན་གྱི་རྣམ་ཐར།|ccby|openAccess
W1KG9281|གཏེར་སྟོན་བརྒྱ་རྩའི་རྣམ་ཐར།|ccby|openAccess
W1KG9282|གཏེར་བདག་གླིང་པ་དང་སྨིན་གྲོལ་གླིང་གི་ལོ་རྒྱུས་ཟིན་ཐོ།|ccby|openAccess
W1KG9283|བྱང་གཏེར་དང་རྡོ་རྗེ་གླིང་པའི་ཆོས་སྐོར་ཀྱི་ལོ་རྒྱུས་དང་དཔེ་ཐོ།|ccby|openAccess
W1KG9293|རྙིང་མ་རྒྱུད་འབུམ་དཀར་ཆག（མཚམས་བྲག་དང་སྡེ་དགེ།）|ccby|openAccess
W1KG9295|རྙིང་མ་པའི་གཏེར་སྟོན་འགའི་རྣམ་ཐར་མདོར་བསྡུས་ཀྱི་ཟིན་ཐོ།|ccby|openAccess
W1KG9588|བཀའ་བརྒྱད་བདེ་གཤེགས་འདུས་པའི་ཆོས་སྐོར།|ccby|openAccess
W1KG9606|ཞི་ཁྲོ་དགོངས་པ་རང་གྲོལ། ༼བྲིས་མ།༽|ccby|openAccess
W1KG9609|ཁྲོས་མའི་སྒྲུབ་སྐོར།|ccby|openAccess
W1KG9670|ཟབ་གསང་མཁའ་འགྲོ་གསང་མཛོད།|ccby|openAccess
W1KG9673|ཚེ་སྒྲུབ་གསང་བ་འདུས་པའི་སྒྲུབ་ཐབས་སྐོར།|ccby|openAccess
W1KG9701|བླ་མེད་སྙིང་ཐིག་མཁའ་འགྲོ་ཡོངས་འདུས།|ccby|openAccess
W1KG9723|ཐུགས་སྒྲུབ་ཡང་སྙིང་འདུས་པའི་ཆོས་སྐོར། ༼དབུ་མེད།༽|ccby|openAccess
W1KG9727|འཕགས་པ་ཡང་སྙིང་ནོར་བུའི་ཆོས་སྐོར།|ccby|openAccess
W1KG9748|རིག་འཛིན་ཟིལ་གནོན་དབང་རྒྱལ་རྡོ་རྗེའི་རྣམ་ཐར་དང་བཀའ་འབུམ།|ccby|openAccess
W1KG9819|ཟབ་དོན་ཐུགས་ཀྱི་སྙིང་པོ་བདུད་ཀྱི་གཅོད་ཡུལ་གྱི་སྐོར།|ccby|openAccess
W1PD105899|ཞི་བྱེད་དང་ཤངས་པའི་ཆོས་སྐོར།|ccby|openAccess
W1PD107142|གསུང་འབུམ། ཨོ་རྒྱན་འཇིགས་མེད་ཆོས་ཀྱི་དབང་པོ|ccby|openAccess
W1PD107937|གསུང་འབུམ། ངག་དབང་བློ་བཟང་རྒྱ་མཚོ།|ccby|openAccess
W1PD108254|གསུང་འབུམ། ཀུན་བཟང་བདེ་སྐྱོང་དབང་མོ།|ccby|openAccess
W1PD26799|གསུང་འབུམ། ཚུལ་ཁྲིམས་བཟང་པོ།|ccby|openAccess
W1PD289|གཏེར་ཆོས། རང་རིག་རྡོ་རྗེ|ccby|openAccess
W1PD45088|བྱང་གཏེར་ལུགས་ཀྱི་རབ་གནས་སྐོར|ccby|openAccess
W1PD45150|གསུང་འབུམ། ཚོགས་དྲུག་རང་གྲོལ|ccby|openAccess
W1PD45158|གསུང་འབུམ། ཨོ་རྒྱན་འཇིགས་མེད་ཆོས་ཀྱི་དབང་པོ|ccby|openAccess
W1PD76231|མི་ཕམ་གསུང་འབུམ་ལས་གཞུང་འགྲེལ་སྐོར།|ccby|openAccess
W1PD76232|ཆོས་རྗེ་འཇིགས་མེད་ཕུན་ཚོགས་ཀྱི་རྣམ་ཐར་བསྡུས་པ་དད་པའི་གསོས་སྨན|ccby|openAccess
W1PD8|མཛོད་བདུན ༼ཨ་འཛོམ་པར་མ༽|ccby|openAccess
W1PD83972|གཏེར་སྟོན་བརྒྱ་རྩའི་རྣམ་ཐར|ccby|openAccess
W1PD83973|གུ་རུའི་རྟོགས་བརྗོད་པ་ངོ་མཚར་རྒྱ་མཚོའི་འཇིངས་རྣམ།|ccby|openAccess
W1PD83974|བཀའ་ཐང་དྲི་མ་མེད་པའི་རྒྱན|ccby|openAccess
W1PD83975|བཀའ་ཐང་གསེར་ཕྲེང|ccby|openAccess
W1PD89340|བཀའ་ཐང་གསེར་ཕྲེང|ccby|openAccess
W1PD89990|གཏེར་ཆོས། མདོ་མཁྱེན་བརྩེ་ཡེ་ཤེས་རྡོ་རྗེ།|ccby|openAccess
W1PD95698|གསུང་འབུམ། འཇིགས་མེད་ཕུན་ཚོགས་འབྱུང་གནས|ccby|openAccess
W1KG12515|རྡོ་རྗེ་སེམས་དཔའ་ཐུགས་ཀྱི་སྒྲུབ་པའི་ཆོས་སྐོར།|ccby|openAccess
W1PD96185|རིན་ཆེན་གཏེར་མཛོད་ཆེན་མོ|ccby|openAccess
W1PD96438|གསུང་འབུམ། ཕྲིན་ལས་ནོར་བུ|ccby|openAccess
W20030|མག་སར་པཎྜི་ཏ་སྐུ་ཕྲེང་རིམ་བྱོན་གྱི་རྟོགས་བརྗོད་ཤེལ་དཀར་ཕྲེང་བ།|ccby|openAccess
W1KG12060|གཏེར་ཆོས། འཇིགས་མེད་རྡོ་རྗེ།|ccby|openAccess
W1KG12061|ཕྱག་རྡོར་ཐུགས་ཀྱི་སྙིང་ཁུའི་སྐོར།|ccby|openAccess
W1KG12075|བཀའ་བརྒྱད་བདེ་གཤེགས་འདུས་པའི་ཆོས་སྐོར།|ccby|openAccess
W20268|ཐུགས་ཆེན་ཡང་སྙིང་འདུས་པའི་ཆོས་སྐོར།|ccby|openAccess
W20319|གསུང་འབུམ། རྫོགས་ཆེན་མཁན་པོ་པདྨ་བ་ཛྲ|ccby|openAccess
W20325|རྙིང་མ་བའི་ཞལ་འདོན་ཕྱོགས་བསྒྲིགས|ccby|openAccess
W1KG11884|བཀའ་བརྒྱད་ཕྱོགས་བསྒྲིགས། ༼རང་ཤར།༽|ccby|openAccess
W1KG11919|འདུས་པ་མདོའི་དབང་ཆོག་སྐོར།|ccby|openAccess
W1KG12103|ཟབ་ཐིག་སྙིང་པོ་བདེ་ཆེན་རང་ཤར།|ccby|openAccess
W20428|གུ་བཀྲའི་ཆོས་འབྱུང་།|ccby|openAccess
W1KG12110|ཞི་ཁྲོ་དགོངས་པ་རང་གྲོལ།|ccby|openAccess
W20539|གཏེར་སྟོན་བརྒྱ་རྩའི་རྣམ་ཐར|ccby|openAccess
W20578|རིན་ཆེན་གཏེར་མཛོད་ཆེན་མོ|ccby|openAccess
W1KG12540|གསང་སྔགས་རྙིང་མ་བའི་ཞལ་འདོན་ཕྱོགས་སྒྲིག|ccby|openAccess
W20749|དཀར་རྙིང་གི་སྐྱེས་ཆེན་དུ་མའི་ཕྱག་རྫོགས་ཀྱི་གདམས་ངག་གནད་བསྡུས་ཉེར་མཁོ་རིན་པོ་ཆེའི་གཏེར་མཛོད།（རྩིབས་རིའི་པར་མ།）|ccby|openAccess
W1KG12546|རྙིང་མ་དང་བཀའ་བརྒྱུད་པའི་ཁྲིད་ཡིག་ཁག་ཅིག|ccby|openAccess
W20827|བདུད་འཇོམས་ཆོས་འབྱུང།|ccby|openAccess
W1KG12124|པདྨ་བཀའ་ཐང་།|ccby|openAccess
W20865|གསུང་འབུམ། ནམ་མཁའ་འཇིགས་མེད|ccby|openAccess
W1KG12130|ཞི་ཁྲོ་དགོངས་པ་རང་གྲོལ་གྱི་གཏེར་ཆོས།|ccby|openAccess
W20869|གསུང་འབུམ། འཇིགས་བྲལ་ཡེ་ཤེས་རྡོ་རྗེ|ccby|openAccess
W20877|གདམས་ངག་མཛོད།|ccby|openAccess
W20880|འཇམ་མགོན་ཀོང་སྤྲུལ་བློ་གྲོས་མཐའ་ཡས་ཀྱི་རང་རྣམ།|ccby|openAccess
W1KG12152|རིག་འཛིན་འདུས་པ་དང་བཀའ་བརྒྱད་དང་བླ་མ་གསང་འདུས་སོགས།|ccby|openAccess
W20916|གུ་བཀྲའི་ཆོས་འབྱུང|ccby|openAccess
W21018|གསུང་འབུམ། སྣ་ཚོགས་རང་གྲོལ|ccby|openAccess
W21019|གསུང་འབུམ། སྣ་ཚོགས་རང་གྲོལ|ccby|openAccess
W21022|གཏེར་ཆོས། ཆོས་སྐྱོང་གླིང་པ།|ccby|openAccess
W21025|ཐོབ་ཡིག་ཟིན་བྲིས་སུ་བཀོད་པ་ཡིད་བཞིན་ནོར་བུའི་གཏེར་མཛོད།|ccby|openAccess
W2123|དགག་ལན་ནོར་བུ་ཀེ་ཏ་ཀའི་བྱི་དོར|ccby|openAccess
W21495|མོན་བན་དཔལ་ལྡན་བཟང་པོ་བདག་གི་ཐོབ་ཡིག་ཐོས་པ་རྒྱ་མཚོ|ccby|openAccess
W21508|བཀའ་མ་ཤིན་ཏུ་རྒྱས་པ།|ccby|openAccess
W21518|རྙིང་མ་རྒྱུད་འབུམ ༼གཏིང་སྐྱེས༽|ccby|openAccess
W21519|བཻ་རོའི་རྒྱུད་འབུམ|ccby|openAccess
W21520|རྙིང་མ་རྒྱུད་བཅུ་བདུན|ccby|openAccess
W21521|རྙིང་མ་རྒྱུད་འབུམ ༼མཚམས་བྲག་དགོན་པའི་བྲིས་མ༽|ccby|openAccess
W21523|བཀའ་མ་མདོ་དབང་གི་བླ་མ་བརྒྱུད་པའི་རྣམ་ཐར།|ccby|openAccess
W21558|རྫོགས་ཆེན་རིག་འཛིན་འཇིགས་མེད་དཔའ་བོའི་བཀའ་འབུམ་མཐོང་གྲོལ་ཆེན་མོ|ccby|openAccess
W21576|བདུད་འཇོམས་དྲག་སྔགས་གླིང་པའི་གཏེར་ཆོས།|ccby|openAccess
W21577|གུ་རུ་དྲག་པོ་མཐིང་ནག་གནམ་ལྕགས་ཐོག་གི་རལ་གྲིའི་ཆོས་སྐོར།|ccby|openAccess
W21617|གསུང་འབུམ། རོང་ཟོམ་ཆོས་ཀྱི་བཟང་པོ|ccby|openAccess
W1KG12178|བཀའ་མ་དང་རྙིང་མ་རྒྱུད་འབུམ་དང་བསྟན་འགྱུར་སོགས་ཀྱི་ཐོག་ཡིག་སྣ་ཚོགས།|ccby|openAccess
W21727|རིག་འཛིན་པདམ་གླིང་པའི་ཟབ་གཏེར་ཆོས་མཛོད་རིན་པོ་ཆེ།|ccby|openAccess
W21728|གཏེར་ཆོས། བདུད་འཇོམས་གླིང་པ|ccby|openAccess
W21729|དག་སྣང་ཡེ་ཤེས་དྲྭ་བ་ལས་གནས་ལུགས་རང་བྱུང་གི་རྒྱུད་རྡོ་རྗེའི་སྙིང་པོ|ccby|openAccess
W21730|གཏེར་ཆོས། རཏྣ་གླིང་པ།|ccby|openAccess
W21731|རྫོགས་ཆེན་ཀློང་གསལ་སྙིང་ཐིག་༔་ཨ་ཅཡཅླེ་རྫོགས་ཆེན་པྲཅཏིཅེ|ccby|openAccess
W21732|ཚེ་སྒྲུབ་རྡོ་རྗེ་ཕྲེང་བ་དང་ཚེ་སྒྲུབ་གསང་བ་འདུས་པ|ccby|openAccess
W21733|བདུད་མགོན་སེང་གདོང,་རྣམ་སྲས་མདུང་དམར,་གཟའ་རྒོད་སྲོག་གི་སྤུ་གྲི|ccby|openAccess
W21734|རཏྣ་གླིང་པའི་རྣམ་ཐར་སྐོར|ccby|openAccess
W21735|བླ་མ་གུ་རུ་དྲག་པོ|ccby|openAccess
W21736|བླ་མ་གུ་རུ་དྲག་པོ་དང་དེའི་ཡན་ལག|ccby|openAccess
W21737|དག་པའི་གཟིགས་པ་ཉམས་སྣང་མཛོད་ཁང་སྐོར་དང་རྒྱ་ཆེའི་གསུང་ཆོས་སྐོར|ccby|openAccess
W21738|དམ་ཅན་རྡོ་རྗེ་ལེགས་པ|ccby|openAccess
W21739|དཔལ་མགོན་མ་ནིང་ནག་པོ་དང་མ་མོ་སྔགས་ཀྱི་སྲུང་མ|ccby|openAccess
W21740|མཚོ་རྒྱལ་སྐོར། རྩ་གསུམ་འབྲས་བུའི་དོན་ཁྲིད། ཟབ་ལམ་གསང་འདུས། ཕྱག་རྒྱ་ཆེན་པོ་ཉི་མའི་སྙིང་པོ།|ccby|openAccess
W21741|ཕུར་པ་ཡང་གསང་བླ་མེད|ccby|openAccess
W21807|གསུང་འབུམ། མཁྱེན་བརྩེའི་དབང་པོ།|ccby|openAccess
W21808|རྒྱ་ཆེན་བཀའ་མཛོད།（དཔལ་སྤུངས་པར་མ་འབྲུག་སྤ་གྲོའི་བསྐྱར་པར་མ།）|ccby|openAccess
W21809|གསུང་འབུམ། རབ་གསལ་ཟླ་བ|ccby|openAccess
W21810|ལས་རབ་གླིང་པའི་གཏེར་ཆོས།|ccby|openAccess
W21811|གདམས་ངག་མཛོད།|ccby|openAccess
W21813|གསུང་འབུམ། འཇམ་དབྱངས་ཆོས་ཀྱི་བློ་གྲོས། ༼དབུ་མེད།༽|ccby|openAccess
W21814|གསུང་ཐོར་བུ། འཇམ་དབྱངས་ཆོས་ཀྱི་བློ་གྲོས། ༼རྒྱ་གར་བིརའི་པར་མ།༽|ccby|openAccess
W21816|མགུར་འབུམ། ཚངས་དབྱངས་རྒྱ་མཚོ|ccby|openAccess
W21818|སྒྱུ་འཕྲུལ་ལྕགས་བྱང་མའི་ཆོས་སྐོར་༔་ཨ་ཅོལླེཅཏིཨོན་རྡོ་རྗེ་སེམས་དཔའ་ཨནད་ཟི་ཁྲོ་པྲེཅེཔཙ|ccby|openAccess
W21819|རྫོགས་ཆེན་སྡེ་གསུམ་སྐོར།|ccby|openAccess
W21825|གསུང་འབུམ། ཐུབ་བསྟན་ཆོས་ཀྱི་གླང་པོ།|ccby|openAccess
W21826|མཆོག་གླིང་གཏེར་གསར་རྩ་གསུམ་སྒྲུབ་སྐོར་གཅེས་བཏུས།|ccby|openAccess
W21847|མདོ་མཁྱེན་བརྩེ་ཡེ་ཤེས་རྡོ་རྗེའི་རྣམ་ཐར|ccby|openAccess
W21853|བླ་མའི་ཐུགས་སྒྲུབ་བར་ཆད་ཀུན་སེལ་ཆོས་སྐོར ༼ལོ་རྒྱུས་ཆོས་ཀྱི་མདོ་བྱན,་ཟལ་གདམས་སྣིན་བྱན,་ཕྲིན་ལས་འབྲིན་པོ,་སྐོན་བ་བསྡུས་པ་གཡུ་ཟལ་མ,་ཨནད་ཕྲིན་ལས་སྣིན་པོའི་རྣལ་འབྱོར༽|ccby|openAccess
W21854|གཏེར་ཆོས། རྡོ་རྗེ་ཐོགས་མེད|ccby|openAccess
W21855|ཟབ་ཆོས་བདུན་པ་སྦས་ཡུལ་སྒོ་འབྱེད|ccby|openAccess
W21856|ཟབ་ཆོས་བདུན་པ་སྦས་ཡུལ་སྒོ་འབྱེད་ཡིད་བཞིན་འོད་འཕྲོའི་སྒྲུབ་སྐོར|ccby|openAccess
W21857|གསུང་འབུམ། ཨོ་རྒྱན་འཇིགས་མེད་ཆོས་ཀྱི་དབང་པོ|ccby|openAccess
W21888|གཏེར་ཆོས། ཀུན་བཟང་བདེ་སྐྱོང་དབང་མོ།|ccby|openAccess
W21897|གསུང་ཐོར་བུ། ཟིལ་གནོན་དབང་རྒྱལ་རྡོ་རྗེ|ccby|openAccess
W21939|རྙིང་མ་རྒྱུད་འབུམ། （སྡེ་དགེ་པར་མ།）|ccby|openAccess
W21949|རྨ་རྒྱལ་བླ་མའི་དཔེ་མཛོད་ལས་རྙིང་མའི་དཔེ་རྙིང་ཁག་ཅིག|ccby|openAccess
W21950|མགོན་པོ་ཚོགས་བདག་གླང་སྣའི་སྒྲུབ་སྐོར|ccby|openAccess
W21954|དཔལ་ཡུལ་ལུགས་ཡི་གསོལ་ཀ་རྒྱས་པ|ccby|openAccess
W21957|གསུང་འབུམ། ཐུབ་བསྟན་བཤད་སྒྲུབ་རྒྱ་མཚོ།|ccby|openAccess
W21959|ཞེ་ཆེན་ཆོས་འབྱུང་། ༼ཞེ་ཆེན་དགོན་པའི་པར་མ།༽|ccby|openAccess
W21960|གུ་རུ་པདྨ་དྲག་པོའི་ཆོས་སྐོར།|ccby|openAccess
W21974|རྩ་གསུམ་ཡི་དམ་དགོངས་འདུས།|ccby|openAccess
W21992|གསང་བའི་རྣམ་ཐར་རྒྱ་ཅན་མ|ccby|openAccess
W22093|རྩ་གསུམ་འོད་གསལ་སྙིང་ཐིག|ccby|openAccess
W22096|གསུང་འབུམ། འགྱུར་མེད་རྡོ་རྗེ|ccby|openAccess
W22113|བྱང་གཏེར་ཕུར་པའི་འཕྲིན་ལས་རྒྱས་པ་དང་ཆོས་སྲུང་བསྐང་གསོའི་སྐོར།|ccby|openAccess
W22114|བྱང་གཏེར་འདོན་ཆའི་སྐོར་དཔེ་མཚན་འགའ་ཞིག|ccby|openAccess
W22115|གསུང་ཐོར་བུ། བསྟན་འཛིན་ནོར་བུ|ccby|openAccess
W22123|གཏེར་ཆོས། བདུད་འདུལ་རྡོ་རྗེ།|ccby|openAccess
W22124|ཀློང་གསལ་སྙིང་པོའི་ཟབ་གཏེར།|ccby|openAccess
W22130|གསུང་འབུམ། བཞད་པའི་རྡོ་རྗེ།|ccby|openAccess
W22139|གསུང་འབུམ། ཀརྨ་རིན་ཆེན་དར་རྒྱས|ccby|openAccess
W22197|གསུང་འབུམ། དྷརྨ་ཤྲཱི།|ccby|openAccess
W22246|བཀའ་བརྒྱད་བདེ་གཤེགས་འདུས་པའི་སྒྲུབ་སྐོར|ccby|openAccess
W22247|བཀའ་བརྒྱད་བདེ་གཤེགས་འདུས་པའི་ཆོས་སྐོར|ccby|openAccess
W22359|མཚོ་ལྷོའི་གསང་ཆེན་རྙིང་མ་བའི་མཁས་གྲུབ་ཡོངས་ཀྱི་མཛད་རྣམ|ccby|openAccess
W22389|གསུང་འབུམ། བསོད་ནམས་ཆོས་འགྲུབ|ccby|openAccess
W8961|བཀའ་བརྒྱད་རང་བྱུང་རང་ཤར་གྱི་ཕྲིན་ལས་རྣམ་བཤད|ccby|openAccess
W19508|ཡང་ཏི་ནག་པོ་གསེར་གྱི་འབྲུ་གཅིག་པའི་ཆོས་སྐོར|ccby|openAccess
W19578|གསུང་ཐོར་བུ། ཚུལ་ཁྲིམས་དར་རྒྱས|ccby|openAccess
W19811|གཅོད་ཡུལ་ཉོན་མོངས་ཞི་བྱེད་ཀྱི་བཀའ་གཏེར་བླ་མ་བརྒྱུད་པའི་རྣམ་ཐར་བྱིན་རླབས་གཏེར་མཚོ།|ccby|openAccess
W1CZ1981|པདྨའི་སྙན་བརྒྱུད་ཡང་གསང་བླ་མེད|ccby|openAccess
W1CZ1991|ཀློང་གསལ་སྙིང་པོའི་རྣམ་ཐར་མདོར་བསྡུས|ccby|openAccess
W1CZ1992|ཆོས་ཀྱི་རྒྱ་མཚོའི་རྣམ་ཐར་མདོར་བསྡུས་ངོ་མཚར་ཡོངས་འདུས་ལྗོན་བཟང|ccby|openAccess
W1CZ1993|བདུད་འདུལ་རྡོ་རྗེའི་རྣམ་ཐར་གཏེར་འབྱུང་མདོར་བསྡུས་དད་པའི་མཆོད་སྡོང|ccby|openAccess
W1KG3410|གཅོད་ཚོགས་ཡོན་ཏན་ཀུན་འབྱུང|ccby|openAccess
W1KG3510|གང་ཤར་རྡོ་རྗེའི་གླུ་ཕྲེང་སྐལ་བཟང་རྣ་བའི་དགའ་སྟོན། ཟབ་དོན་རྡོ་རྗེའི་གླུའི་སྐོར།|ccby|openAccess
W1KG3511|བདུད་འཇོམས་ཁྲོས་མ|ccby|openAccess
W1KG3566|བྱང་གཏེར་ཕུར་པ་ལྷ་ནག་གི་ཆོས་ཚན|ccby|openAccess
W1KG3654|གསུང་འབུམ། ནམ་མཁའ་འཇིགས་མེད|ccby|openAccess
W1KG3655|འཇའ་ཚོན་པོད་དྲུག|ccby|openAccess
W1KG3656|གེ་བཅགས་རྟོགས་ལྡན་ཚངས་དབྱངས་རྒྱ་མཚོའི་མགུར་འབུམ|ccby|openAccess
W1KG3718|བོད་ཀྱི་ཆོས་འབྱུང་མདོར་བསྡུས་དང་ཐེག་པ་ཆེ་ཆུང་གི་རྣམ་དབྱེ|ccby|openAccess
W1KG3931|འཇིགས་མེད་ཡོན་ཏན་རྒྱ་མཚོའི་གསུང་དང་དགོན་སྡེ་ཁག་གི་ལོ་རྒྱུས|ccby|openAccess
W1KG5735|བོད་ན་བཞུགས་པའི་རྙིང་མའི་དགོན་དེབ།|ccby|openAccess
W1KG16606|སྔ་འགྱུར་རྙིང་མའི་ལུགས་ཀྱི་ལྟ་སྒོམ་སྤྱོད་གསུམ་གྱི་རྣམ་གཞག་མདོ་རྩམ་བརྗོད་པ་ཚེས་པའི་ཟླ་བ།|ccby|openAccess
W4CZ32328|ཌཱ་ཀིའི་སྙན་བརྒྱུད།|ccby|openAccess
W4CZ33283|དགོངས་འདུས་འགྲོ་བ་ཀུན་གྲོལ།|ccby|openAccess
W4CZ33284|རྡོར་སེམས་སྙིང་ཐིག|ccby|openAccess
W4CZ33285|རྟ་མགྲིན་སྙིང་ཐིག|ccby|openAccess
W4CZ33286|དམ་ཅན་ལྕམ་དྲལ།|ccby|openAccess
W1KG16650|གཏེར་ཆོས། མཐུ་སྟོབས་གླིང་པ།|ccby|openAccess
W22642|མཆོག་གླིང་གཏེར་གསར།|ccby|openAccess
W22933|གསུང་འབུམ། ཀརྨ་ཆགས་མེད། ༼སི་ཁྲོན་ཞིང་ཆེན་མི་རིགས་ཞིབ་འཇུག་སུའོ་བོད་ཀྱི་རིག་གནས་ཞིབ་འཇུག་ཁང་།༽|ccby|openAccess
W23156|གསུང་འབུམ། པདྨ་བདེ་ཆེན་རྒྱལ་པོ|ccby|openAccess
W23158|དགོངས་པ་ཡང་ཟབ་གྱི་གཏེར་ཆོས་སྐོར|ccby|openAccess
W23166|འཇམ་དཔལ་གཤིན་རྗེའི་གཤེད་ཡང་བཟློག་མེའི་སྤུ་གྲིའི་ཆོས་སྐོར|ccby|openAccess
W23174|ཤར་ཀཿཐོག་པ་བསོད་ནམས་རྒྱལ་མཚན་དཔལ་བཟང་པོའི་རྣམ་པར་ཐར་པ་དྲི་མེད་ཡིད་བཞིན་ནོར་བུའི་ཕྲེང་བ།|ccby|openAccess
W23175|མཁའ་འགྲོ་གསང་བ་ཀུན་འདུས་ཀྱི་ཆོས་སྐོར|ccby|openAccess
W23176|གསུང་འབུམ། ཚེ་དབང་ནོར་བུ|ccby|openAccess
W23183|གཏེར་ཆོས། དཔའ་བོ་ཆོས་དབྱིངས་རྡོ་རྗེ|ccby|openAccess
W23187|པདྨ་གསང་ཐིག|ccby|openAccess
W23196|གསུང་འབུམ། པདྨ་ཆོས་འཕེལ། ༼དབུ་མེད།༽|ccby|openAccess
W23199|བླ་མ་བཀའ་བརྒྱད་ཡོངས་འདུས་ཆོས་སྐོར|ccby|openAccess
W23202|གསུང་འབུམ། པདྨ་ཆོས་འཕེལ ༼༡༩༧༤༽|ccby|openAccess
W23208|མ་རྒྱུད་ཀློང་གསལ་ཉི་མ|ccby|openAccess
W23210|གཅོད་སྐོར་གཏེར་ཆེན་རྡོ་རྗེ་གླིང་པའི་གཏེར་ཆོས|ccby|openAccess
W23211|ཕ་རྒྱུད་ལྟ་བ་ཀློང་ཡངས|ccby|openAccess
W23348|དཔལ་ཡེ་ཤེས་ཀྱི་མགོན་པོ་མ་ནིང་ནག་པོའི་ཆོས་སྐོར|ccby|openAccess
W23350|བླ་མ་དྲག་པོ་རྩལ།|ccby|openAccess
W23352|རྡོ་རྗེ་གླིང་པའི་ཟབ་གཏེར་རྣམས་དང་མཇལ་བའི་རྣམ་ཐར་དང་གསུང་ཐོར|ccby|openAccess
W23369|བླ་མ་ཞི་བ་བཀའ་འདུས་ཀྱི་ཆོས་སྐོར།|ccby|openAccess
W23375|བྱང་གཏེར་ཆོས་སྐོར་རྣམས་ཀྱི་སྤྱི་ཆིངས་རིན་ཆེན་འཕྲེང་བ|ccby|openAccess
W23380|མངའ་བདག་བླ་མའི་རྣམ་ཐར|ccby|openAccess
W23390|གཅོད་ཚོགས་ཀྱི་ལག་ལེན་སོགས|ccby|openAccess
W23417|བྱམས་མའི་སྙིང་ཐིག|ccby|openAccess
W23419|ཧཱུཾ་ཆེན་སྙིང་གི་ཐིག་ལེའི་སྐོར།|ccby|openAccess
W23423|གསུང་འབུམ། ཤེས་རབ་འོད་ཟེར|ccby|openAccess
W23445|བླ་མ་དགོངས་འདུས|ccby|openAccess
W23449|རིག་འཛིན་གདུང་སྒྲུབ་ཀྱི་ཆོས་སྐོར|ccby|openAccess
W23453|ཐུགས་སྒྲུབ་དྲག་པོ་རྩལ་གྱི་ཆོས་སྐོར|ccby|openAccess
W23455|གསང་འདུས་བླ་མའི་ཐུགས་སྒྲུབ་ཀྱི་སྐོར།|ccby|openAccess
W23456|ཞི་ཁྲོ་དགོངས་འདུས།|ccby|openAccess
W23457|ཞི་ཁྲོ་དགོངས་པ་ཀུན་འདུས་དང་མ་མོ་རྦོད་གཏོང་།|ccby|openAccess
W23458|མཁའ་འགྲོ་དགོངས་པ་ཀུན་འདུས་ཀྱི་སྐོར།|ccby|openAccess
W23459|བདེར་གཤེགས་རིག་འཛིན་དགོངས་པ་ཀུན་འདུས་འཆི་མེད་གསང་བ་གསུམ་དྲིལ།|ccby|openAccess
W23468|གསུང་འབུམ། མི་ཕམ་རྒྱ་མཚོ|ccby|openAccess
W23478|བཀའ་མ་མདོ་དབང་ཁམས་ལུགས་སུ་གྲགས་པ་སྦྲང་རྩིའི་ཆུ་རྒྱུན|ccby|openAccess
W23504|གསུང་ཐོར་བུ། དྲི་མེད་འོད་ཟེར།༼སྡེ་དགེ་པར་མ།༽|ccby|openAccess
W23553|ཁྲོ་བོ་ལྷ་རྒོད་ཐོག་པའི་བསྙེན་སྒྲུབ་ལས་གསུམ་གྱི་སྐོར།|ccby|openAccess
W23554|ཀློང་གསལ་འབར་མ་ཉི་མའི་གསང་རྒྱུད|ccby|openAccess
W23555|གསུང་ཐོར་བུ། དྲི་མེད་འོད་ཟེར། ༼ཨ་འཛོམ་པར་མ། སྒང་ཏོག་ཏུ་བསྐྱར་པར་བརྒྱབ་པ།༽|ccby|openAccess
W23565|གསུང་འབུམ། དཀར་བརྒྱུད་བསྟན་འཛིན་ནོར་བུ|ccby|openAccess
W23572|བིར་གཞིས་ཀ་ནས་ཁྲིད་སྐོར་སོགས|ccby|openAccess
W23574|ཡང་ཏིག་ཡེ་ཤེས་མཐོང་གྲོལ་གྱི་ཆོས་སྐོར།|ccby|openAccess
W23603|སྐུ་གསུམ་དགོངས་འདུས|ccby|openAccess
W23604|སྐུ་གསུམ་དགོངས་འདུས་འདོན་ཆ|ccby|openAccess
W23612|སྐུ་གསུམ་དགོངས་འདུས་ལས་གསང་སྔགས་ལམ་རིམ་སྨོན་ལམ་ལེའུ་བདུན་པ|ccby|openAccess
W23618|ཀློང་ཆེན་སྙིང་ཐིག་གི་འདོན་ཆ། ༼རྡོ་གྲུབ་དགོན་གྱི་ལུགས།༽|ccby|openAccess
W23621|གསུང་འབུམ། བྱམས་པ་འབྱུང་གནས|ccby|openAccess
W23627|གསུང་འབུམ། འཇིགས་མེད་བསྟན་པའི་ཉི་མ།༼བདུད་འཇོམས་རིན་པོ་ཆེའི་དཔེ་མཛོད་ཁང་དུ་བཞུགས་པའི་ཤིང་པར་དང་ལག་བྲིས་འདྲེས་མ།༽|ccby|openAccess
W23645|རྟ་ཕག་ཡིད་བཞིན་ནོར་བུ|ccby|openAccess
W23646|ཐུགས་རྗེ་ཆེན་པོ་ངན་སོང་རང་གྲོལ|ccby|openAccess
W23647|བཀའ་རྫོགས་པ་ཆེན་པོ་ཡང་ཟབ་དཀོན་མཆོག་སྤྱི་འདུས་ཀྱི་སྐོར|ccby|openAccess
W23653|གསུང་འབུམ། ནུས་ལྡན་རྡོ་རྗེ|ccby|openAccess
W23682|རང་བཞིན་རྫོགས་པ་ཆེན་པོའི་ཆོས་འབྱུང་རིག་འཛིན་བརྒྱུད་པའི་རྣམ་ཐར་ངོ་མཚར་ནོར་བུ་བཻ་ཌཱུརྱའི་ཕྲེང་བ|ccby|openAccess
W23695|ཉག་བླ་པདྨ་བདུད་འདུལ་གྱི་གཏེར་ཆོས་སྐོར|ccby|openAccess
W23696|རྙིང་མའི་ཆོས་སྤྱོད|ccby|openAccess
W23710|བར་དོ་ཐོས་གྲོལ།|ccby|openAccess
W23711|པདྨ་བཀའ་ཐང|ccby|openAccess
W23712|བཀའ་ཐང་སྡེ་ལྔ།（འབྲུག་སྤ་གྲོ།）|ccby|openAccess
W23714|མདོ་ཁམས་རྫོགས་ཆེན་དགོན་གྱི་ལོ་རྒྱུས་ནོར་བུའི་ཕྲེང་བ|ccby|openAccess
W23715|བསྟན་གཉིས་གླིང་པའི་རྣམ་ཐར|ccby|openAccess
W23723|རྒྱ་ཆེན་བཀའ་མཛོད|ccby|openAccess
W23725|ཞི་ཁྲོ་དགོངས་པ་རང་གྲོལ|ccby|openAccess
W23731|རྒྱལ་མཚན་རྩེ་མོའི་དཔུང་རྒྱན་སོགས|ccby|openAccess
W23735|ཨུ་རྒྱན་པད་མ་འབྱུང་གནས་ཀྱི་བཀའ་ཆེམས|ccby|openAccess
W23736|དཀར་རྙིང་ཁྲིད་སྐོར|ccby|openAccess
W23740|གུ་རུ་དྲག་པོ་རྡོ་རྗེ་དྲག་རྩལ|ccby|openAccess
W23755|ཕ་དམ་པ་སངས་རྒྱས་རྣམ་པར་ཐར་པ་ངོས་སྒྲུབ་འོད་སྟོང་འབར་བའི་ཉི་མ|ccby|openAccess
W23756|གཅོད་ཚོགས་རིན་ཆེན་ཕྲེང་བ|ccby|openAccess
W23757|འཇའ་ཚོན་པོད་དྲུག|ccby|openAccess
W23759|གསུང་ཐོར་བུ། ཆོས་གྱི་དབང་ཕྱུག|ccby|openAccess
W23774|གསུང་འབུམ། འཇིགས་མེད་ཕུན་ཚོགས་འབྱུང་གནས། ༼གསེར་རྟ་བླ་རུང་དགོན་གྱི་པར་མ༽|ccby|openAccess
W23775|བྱང་གཏེར་རྡོ་རྗེ་ཕུར་པའི་ཆོས་སྐོར།|ccby|openAccess
W23792|ལོཀཏྲི་པ་ལའི་ཆོས་སྐོར།|ccby|openAccess
W23795|གསུང་ཐོར་བུ། ཚེ་དབང་འཆི་མེད་མགོན་པོ|ccby|openAccess
W23802|གུ་རུ་ཆོས་དབང་གི་རང་རྣམ་དང་ཞལ་གདམས|ccby|openAccess
W23811|པདྨ་འཕྲིན་ལས་ཀྱི་རང་ཉིད་ཀྱི་རྟོགས་བརྗོད་རབ་དཀར་ཤེལ་གྱི་མེ་ལོང|ccby|openAccess
W23819|བཀའ་བརྒྱད་གསང་བ་ཡོངས་རྫོགས|ccby|openAccess
W23820|གཅོད་ཚོགས་གཅོད་ཁྲིད་སོགས|ccby|openAccess
W23822|འཇའ་ཚོན་སྙིང་པོའི་རང་རྣམ|ccby|openAccess
W23823|ཐུགས་སྒྲུབ་ཡང་སྙིང་འདུས་པ|ccby|openAccess
W23824|ཐུགས་རྗེ་ཆེན་པོ་གསང་བ་འདུས་པ|ccby|openAccess
W23825|ཐུགས་རྗེ་ཆེན་པོ་གསང་བ་འདུས་པའི་ཞལ་སྐོང|ccby|openAccess
W23829|ཐུགས་རྗེ་ཆེན་པོ་གསང་བ་འདུས་པའི་ཆོས་སྐོར།|ccby|openAccess
W23833|དམ་ཆོས་དགོངས་པ་ཡང་ཟབ་ཀྱི་ཁྲིད་དང་སྒྲུབ་སྐོར|ccby|openAccess
W23841|བཀའ་ཐང་སྡེ་ལྔ། ༼དབུ་མེད།༽|ccby|openAccess
W23842|བཀའ་ཐང་དྲི་མ་མེད་པའི་རྒྱན|ccby|openAccess
W23843|གསུང་འབུམ། མཁྱེན་བརྩེ་ཀློང་གྲོལ|ccby|openAccess
W23846|རྗེ་བཙུན་མི་འགྱུར་དཔལ་གྱི་སྒྲོན་མའི་རྣམ་ཐར་དད་པའི་གདུང་སེལ|ccby|openAccess
W23893|གསུང་འབུམ། ཚོགས་དྲུག་རང་གྲོལ|ccby|openAccess
W23898|གྲུབ་དབང་བསྟན་འཛིན་དར་རྒྱས་ཀྱི་གསུང་མགུར|ccby|openAccess
W23907|གསུང་འབུམ། འཇིགས་མེད་བསྟན་པའི་ཉི་མ། ༼འབྲས་ལྗོངས་སྒང་ཏོག༽|ccby|openAccess
W23908|ལྷོ་བྲག་མཁར་ཆུ་བདུད་འཇོམས་གླིང་གི་འདོན་ཆའི་སྐོར|ccby|openAccess
W23911|ཞི་བྱེད་སྔ་བར་ཕྱི་གསུམ་གྱི་སྐོར|ccby|openAccess
W23919|གསུང་འབུམ། ཐང་སྟོང་རྒྱལ་པོ|ccby|openAccess
W23920|གྲུབ་ཐོབ་ཆེན་པོའི་ཐུགས་ཐིག་གི་སྐོར|ccby|openAccess
W23921|ཐང་སྟོང་སྙན་བརྒྱུད།|ccby|openAccess
W23926|ཐེག་པ་ཐམས་ཅད་ཀྱི་ཤན་འབྱེད་ཉི་འོད་རབ་གསལ|ccby|openAccess
W23945|པདྨ་འགྲོ་འདུལ་གསང་སྔགས་གླིང་པའི་རྣམ་ཐར|ccby|openAccess
W23946|གསུང་འབུམ། ཀུན་བཟང་དཔལ་ལྡན།|ccby|openAccess
W23993|ཕྱག་རྒྱ་ཆེན་པོ་བརྡའི་སྐོར་གསུམ|ccby|openAccess
W24005|ཕྱག་ཆེན་གཉུག་མ་གཅེར་མཐོང|ccby|openAccess
W24007|རྒྱལ་བ་ཀློང་ཆེན་པའི་རྣམ་ཐར|ccby|openAccess
W24031|གུ་བཀྲའི་ཆོས་འབྱུང|ccby|openAccess
W24032|གསང་བདག་དངོས་སྣང་ཧེ་རུ་ཀ་དཔལ་མཐུ་སྟོབས་གླིང་པའི་རྣམ་ཐར་དྲང་སྲོང་དགྱེས་གླུ|ccby|openAccess
W24045|རྒྱལ་སྲས་མདོ་སྔགས་འབྱུང་གནས་ཀྱི་རྣམ་པར་ཐར་པ་མཐོང་བ་དོན་ལྡན་ནོར་བུའི་ཕྲེང་མཛེས|ccby|openAccess
W24120|གཏེར་བདག་གླིང་པའི་རྣམ་ཐར|ccby|openAccess
W24121|རྗེ་བླ་མ་འཁྲུལ་ཞིག་བྱང་ཆུབ་གླིང་པའི་རྣམ་ཐར་སྐལ་བཟང་དགའ་བའི་བདུད་རྩིའི་སྤྲིན་ཚོགས|ccby|openAccess
W24126|ཀརྨ་ཆོས་འཕེལ་བཟང་པོའི་རྣམ་ཐར་དད་པའི་ཆུ་གཏེར་འཕེལ་བའི་ཟླ་ཟེར|ccby|openAccess
W23206|རྡོ་རྗེ་གླིང་པའི་གཏེར་ཆོས|ccby|openAccess
W24309|ཚེ་དཔག་མེད་གནམ་ལྕགས་རྡོ་རྗེ་དངོས་གྲུབ་ཀུན་འདུས་ཆོས་སྐོར།|ccby|openAccess
W24589|དེབ་ཆུང་ཨ་རུ་རའི་དགའ་ཚལ|ccby|openAccess
W24630|གསུང་འབུམ། འཇིགས་མེད་རྡོ་རྗེ་དཔའ་བོ|ccby|openAccess
W23370|རྫ་དཔལ་སྤྲུལ་ཨོ་རྒྱན་འཇིགས་མེད་ཆོས་ཀྱི་དབང་པོའི་གསུང་ཐོར་བུ།|ccby|openAccess
W1KG12631|ཡང་ཏིག་ཡེ་ཤེས་མཐོང་གྲོལ་གྱི་ཆོས་སྐོར།|ccby|openAccess
W24829|གསུང་འབུམ། ཨོ་རྒྱན་འཇིགས་མེད་ཆོས་ཀྱི་དབང་པོ|ccby|openAccess
W1KG12216|གཏེར་ཆེན་འབར་བའི་རྡོ་རྗེའི་གཏེར་ཆོས་ཕུར་པའི་སྒྲུབ་སྐོར་སོགས།|ccby|openAccess
W1KG12203|རྫོགས་ཆེན་དགོན་པའི་སྨིན་གླིང་རྡོར་སེམས་ཀྱི་འདོན་ཆའི་སྐོར།|ccby|openAccess
W23460|དམར་ཁྲིད་དུག་ལྔ་རང་གྲོལ་གྱི་ཁྲིད་རིམ།|ccby|openAccess
W1KG12655|ཁམས་སྤྲུལ་བསྟན་འཛིན་ཆོས་ཀྱི་ཉི་མའི་གསུང་སྐོར་དང་ཞལ་སློབ་ཐུ་བོ་བསོད་ནམས་རབ་འཕེལ་གྱི་གསུང་།|ccby|openAccess
W25007|གསུང་འབུམ། འཇིགས་མེད་བསྟན་པའི་ཉི་མ།༼སི་ཁྲོན་མི་རིགས་དཔེ་སྐྲུན་ཁང་།༽|ccby|openAccess
W1PD127771|བར་དོ་ཐོས་གྲོལ་ཆེན་མོ།|ccby|openAccess
W1KG12287|ཟབ་ཆོས་ཞི་ཁྲོ་དགོངས་པ་རང་གྲོལ།|ccby|openAccess
W1KG12288|སྨིན་གླིང་རྡོར་སེམས་ཐུགས་སྒྲུབ་སྐོར།|ccby|openAccess
W23578|ཞི་ཁྲོ་ཡེ་ཤེས་མཐོང་གྲོལ|ccby|openAccess
W25186|གསང་ཆེན་སྔ་འགྱུར་བའི་བཀའ་གཏེར་ཞལ་འདོན་ཕྱོགས་བསྒྲིགས|ccby|openAccess
W25271|སྤྲུལ་སྐུ་རིག་འཛིན་མཆོག་ལྡན་མགོན་པོའི་རྣམ་ཐར་མགུར་འབུམ་དད་ལྡན་སྤྲོ་བ་བསྐྱེད་བྱེད|ccby|openAccess
W25272|གར་དབང་རྡོ་རྗེའི་རྣམ་ཐར་སྐོར|ccby|openAccess
W1KG12277|ཟབ་ཆོས་ཞི་ཁྲོ་དགོངས་པ་རང་གྲོལ་གྱི་ཆོས་སྐོར།|ccby|openAccess
W1KG12301|སྔ་འགྱུར་བཀའ་མའི་ཆོས་སྡེ་རྣམས་ཀྱི་བཞུགས་བྱང་དཀར་ཆག་རྣམ་གནོན་ཚངས་པའི་འཁོར་ལོ།|ccby|openAccess
W1KG12305|ཆོས་སྤྱོད་བདེ་ཆེན་ཐེམ་སྐས་ཀྱི་དོན་བསྡུས་མཚོ་སྐྱེས་ཞལ་ལུང་།|ccby|openAccess
W1KG12310|གསུང་ཐོར་བུ། ཚེ་དབང་རིག་འཛིན།|ccby|openAccess
W23733|དམ་ཆོས་དགོངས་པ་ཡོངས་འདུས|ccby|openAccess
W1KG11891|ཡང་གསང་པདྨ་དྲག་འཁྲོས།|ccby|openAccess
W1KG12278|རྡོར་སེམས་ཐུགས་ཀྱི་མེ་ལོང་།|ccby|openAccess
W1KG12281|ཐུགས་རྗེ་ཆེན་པོ་འགྲོ་བ་ཀུན་སྒྲོལ་གྱི་བླ་མའི་རྣལ་འབྱོར་དང་ཁྲིད་ཡིག་སྦས་གསང་མིག་འབྱེད་སོགས།|ccby|openAccess
W1KG12285|བྱང་གཏེར་རྟེན་འབྲེལ་ཆོས་བདུན།|ccby|openAccess
W25815|རྙིང་མ་རྒྱུད་འབུམ་གྱི་ཁ་སྐོང ༼མཚམས་བྲག་དགོན་པའི་བྲིས་མ༽|ccby|openAccess
W1KG12985|ལྕེ་བཙུན་ཆེན་པོ་བི་མ་ལའི་ཟབ་ཏིག་གཏེར་གཞུང་དང་ཡན་ལག་གི་ཆོས་སྡེའི་སྐོར།|ccby|openAccess
W25975|གསུང་ཐོར་བུ། ཐུབ་བསྟན་ཤེས་རབ་རྒྱ་མཚོ|ccby|openAccess
W1KG13012|གསང་སྔགས་ལམ་འགྲེལ་དང་ཞལ་གདམས་དམར་ཁྲིད་བཅས།|ccby|openAccess
W1KG13015|བཀའ་བརྒྱད་བདེ་གཤེགས་འདུས་པ་ལས་ལུང་ཐམས་ཅད་ཀྱི་རྒྱལ་པོ་ཆེན་པོ་ལྔ།|ccby|openAccess
W1KG13016|བཀའ་བརྒྱད་བདེ་གཤེགས་འདུས་པའི་ཆོས་སྐོར།|ccby|openAccess
W26032|འཛིན་པ་རང་གྲོལ་གྱི་ཆོས་སྐོར།|ccby|openAccess
W26033|གཅོད་འཛིན་པ་རང་གྲོལ་གྱི་འདོན་ཆའི་སྐོར|ccby|openAccess
W26039|བདག་འདྲ་ཐེག་གླིང་འགྲོ་དོན་མཐར་ཕྱིན་ནམ་ཨོ་རྒྱན་དྲི་མེད་གླིང་པ་གར་དབང་བདུད་འདུལ་ལས་རབ་རྩལ་དུ་འབོད་པའི་རྣམ་ཐར་མགུར་འབུམ་དོན་གྱི་མེ་ལོང་ཚངས་པའི་སྒྲ་དབྱངས།|ccby|openAccess
W26042|ཀློང་གསལ་གསང་བ་སྙིང་བཅུད|ccby|openAccess
W1KG13827|སྐྱབས་རྗེ་དིལ་མགོ་མཁྱེན་བརྩེ་རིན་པོ་ཆེའི་དགོངས་གཏེར་འདོན་ཆའི་སྐོར།|ccby|openAccess
W1KG13836|བཀའ་གཏེར་གཉིས་འདུས་སྨིན་གླིང་རྡོར་སེམས་ཀྱི་སྒྲུབ་སྐོར་ཆོས་ཚན།|ccby|openAccess
W1KG13837|སྐོང་གསོ་དངོས་གྲུབ་རོལ་མཚོ།|ccby|openAccess
W1KG13839|ཞེ་ཆེན་གཞི་རིམ་སློབ་གྲྭའི་ཆོས་སྤྱོད་ཀྱི་རིམ་པ་ཐར་ལམ་རབ་གསལ།|ccby|openAccess
W1KG13104|རིག་འཛིན་རྡོ་དམར་བའི་ལུགས་ཀྱི་ཆོས་སྤྱོད།|ccby|openAccess
W26629|གདན་ས་ཆེན་པོ་དར་རྒྱས་བྱམས་ཆེན་ཆོས་འཁོར་གླིང་གི་གདན་རབས་ནོར་བུའི་བང་མཛོད།|ccby|openAccess
W26672|སྔ་འགྱུར་བྱང་གཏེར་ཆོས་སྐོར་ལས་འདོན་ཆའི་སྐོར|ccby|openAccess
W22946|གསུང་འབུམ། ངག་དབང་དཔལ་བཟང་།|ccby|openAccess
W27284|ཕྱི་སྒྲུབ་ཐུགས་རྗེ་ཆེན་པོ་འགྲོ་བ་ཀུན་གྲོལ་༏་ནང་སྒྲུབ་རིག་འཛིན་གདུང་སྒྲུབ|ccby|openAccess
W27295|བྱང་གཏེར་ཕུར་པའི་སྐོར|ccby|openAccess
W27296|བྱང་གཏེར་འཕགས་པ་ཐུགས་ཆེན་ཆེན་པོ་སྤྱན་རས་གཟིགས་འགྲོ་བ་ཀུན་གྲོལ་གྱི་རྩ་པོད|ccby|openAccess
W27300|གསུང་འབུམ། འཇིགས་མེད་གླིང་པ། （སྡེ་དགེ་པར་མ།）|ccby|openAccess
W27401|སྔ་འགྱུར་རྫོགས་ཆེན་ཆོས་འབྱུང་ཆེན་མོ|ccby|openAccess
W27418|ཉེ་བརྒྱུད་གཅོད་ཀྱི་ཁྲིད་ཡིག་གསལ་བར་བཀོད་པ་ལེགས་བཤད་བདུད་རྩིའི་རོལ་མཚོ|ccby|openAccess
W27477|གཅོད་ཀྱི་བཤད་པ་གསལ་བའི་སྒྲོན་མེ་སོགས|ccby|openAccess
W27479|རོང་ཟོམ་བཀའ་འབུམ|ccby|openAccess
W27484|ནུབ་རི་དང་སྐུ་ཐང་གི་བླ་མའི་རྣམ་ཐར|ccby|openAccess
W27486|གསུང་འབུམ། ཀརྨ་མི་འགྱུར|ccby|openAccess
W27489|འོད་གསལ་རྡོ་རྗེ་སྙིང་པོའི་རིང་ལུགས་སྔ་འགྱུར་གསང་སྔགས་རྙིང་མ་བ་ཆེན་པོའི་ཕྱག་ལེན་རྣམ་པར་གཞག་པ་ཕྲེང་བ་སྐོར་ལྔ་ལས་ཕྲིན་ལས་ཕྱག་བཞེས་ཀྱི་རྣམ་པར་གཞག་པ་རིན་པོ་ཆེ་ཨིནདྲ་ནཱི་ལའི་ཕྲེང་བ|ccby|openAccess
W27490|བླ་མ་ནོར་བུ་རྒྱ་མཚོའི་ཆོས་སྐོར།|ccby|openAccess
W27492|གནམ་ལྕགས་རྩ་གསུམ་གླིང་པའི་ཟབ་གཏེར|ccby|openAccess
W27501|ཇོ་མོ་ལ་གདམས་པའི་ཆོས་སྐོར|ccby|openAccess
W27502|ཉག་བླ་པདྨ་བདུད་འདུལ་རྣམ་ཐར་དང་མགུར་འབུམ|ccby|openAccess
W27506|བདུད་གཅོད་ཟབ་མོའི་སྐོར|ccby|openAccess
W27511|གསུང་འབུམ། དབང་དྲག་རྒྱ་མཚོ|ccby|openAccess
W27514|གསུང་འབུམ། འཕྲིན་ལས་ཆོས་འཕེལ།|ccby|openAccess
W27602|རྡོ་རྗེ་ཕག་མོའི་ཟབ་ཁྲིད་ཀྱི་ཆོས་སྐོར|ccby|openAccess
W27736|ཏཱ་རེ་ལྷ་མོ་དང་ནམ་སྤྲུལ་འཇིགས་མེད་ཕུན་ཚོགས་ཀྱི་གཏེར་ཆོས།|ccby|openAccess
W27866|བྱང་གཏེར་ལུགས་ཀྱི་རྣམ་ཐར་དང་མང་འོངས་ལུང་བསྟན|ccby|openAccess
W27867|ལྕེ་བཙུན་སྙིང་ཐིག་གི་ཆོས་སྐོར།|ccby|openAccess
W27870|བྱང་གཏེར་ཐུགས་སྒྲུབ་ཀྱི་སྐོར།|ccby|openAccess
W27871|བླ་མ་བཀའ་བརྒྱད་ཡོངས་འདུས་ཀྱི་ཆོས་སྐོར|ccby|openAccess
W27872|མཁའ་འགྲོ་བདུད་འདུལ་དྲག་མོའི་ཆོས་སྐོར་གཏེར་གཞུང|ccby|openAccess
W27873|གསུང་འབུམ། འཇམ་དཔལ་བཟང་པོ|ccby|openAccess
W27884|འཇིགས་མེད་རྒྱལ་བའི་མྱུ་གུའི་རྣམ་ཐར|ccby|openAccess
W27887|ལྕེ་བཙུན་སྙིང་ཐིག་གི་ཆོས་སྐོར། ༼ཞི་ཆེན་གློག་ཀླད་པར་མ།༽|ccby|openAccess
W27903|གཏེར་ཆོས། དཔའ་བོ་ཆོས་དབྱིངས་རྡོ་རྗེ།|ccby|openAccess
W27912|ཆོས་སྤྱོད་བསྡུས་པ་ཕན་བདེའི་དགའ་སྟོན|ccby|openAccess
W27913|རིས་མེད་ཆོས་འབྱུང|ccby|openAccess
W27914|དྲིས་ལན་ངེས་དོན་འབྲུག་སྒྲ|ccby|openAccess
W27915|ཐུབ་བསྟན་རྡོ་རྗེ་བྲག་ཨེ་ཝམ་ལྕོག་སྒར་བའི་འདུས་སྡེ་རྣམས་ཀྱི་ཆོས་སྤྱོད་རབ་གསལ|ccby|openAccess
W27916|རྡོ་རྗེ་བྲག་གི་བསྐང་གསོ་སོགས|ccby|openAccess
W27918|ཡོན་ཏན་མཛོད་ཀྱི་མཆན་འགྲེལ|ccby|openAccess
W27923|འཇམ་དཔལ་གཤིན་རྗེ་དྲེགས་པ་འཇོམས་བྱེད་ཀྱི་ཆོས་སྐོར།|ccby|openAccess
W27925|ཙིའུ་དམར་པོའི་གཏེར་གཞུང་དང་གྲུབ་སྐོར|ccby|openAccess
W28732|གཏེར་ཆོས། བདུད་འཇོམས་གླིང་པ|ccby|openAccess
W28801|བོད་སྔ་རབས་པ་གསང་ཆེན་རྙིང་མའི་ཆོས་འབྱུང་ལེགས་བཤད་གསར་པའི་དགའ་སྟོན|ccby|openAccess
W28898|གསུང་འབུམ། བློ་བཟང་རྡོ་རྗེ།|ccby|openAccess
W28941|གསུང་འབུམ། པདྨ་མཁྱེན་བརྩེའི་འོད་ཟེར|ccby|openAccess
W28957|གསུང་འབུམ། བློ་གྲོས་རྒྱ་མཚོ།|ccby|openAccess
W29008|གསུང་ཐོར། ཉི་མ་གྲགས་པ།|ccby|openAccess
W29031|གཏེར་ཆོས། འགྲོ་འདུལ་གར་དབང་གླིང་པ|ccby|openAccess
W29036|གསུང་འབུམ། ངག་དབང་བསྟན་འཛིན་ནོར་བུ|ccby|openAccess
W29059|གསུང་འབུམ། མདོ་སྔགས་བསྟན་པའི་ཉི་མ|ccby|openAccess
W29196|ཆོས་མངོན་པའི་མཛོད་ཀྱི་བཤད་སྦྱར་འཕགས་པའི་གང་ཟག་རྣམས་ཀྱི་འབྱུང་གནས|ccby|openAccess
W29197|དབུ་མ་ལ་འཇུག་པའི་བཤད་སྦྱར་རྩོད་མེད་ཆེ་བའི་འབྱུང་གནས|ccby|openAccess
W29248|གསུང་འབུམ། བྱམས་པ་འབྱུང་གནས|ccby|openAccess
W29251|བྱང་གཏེར་ཕུར་པའི་སྐོར།|ccby|openAccess
W29337|འཇའ་ཚོན་པོད་དྲུག་གི་འདོན་ཆའི་སྐོར་ཡན་ལག་དང་བཅས་པ་ཕན་བདེའི་བུམ་བཟང|ccby|openAccess
W29339|བྱང་གཏེར་འདོན་ཆའི་སྐོར།|ccby|openAccess
W29382|གསུང་ཐོར་བུ། མཁས་གྲུབ་རྒྱ་མཚོ|ccby|openAccess
W294|གསུང་འབུམ། ངག་དབང་བློ་བཟང་རྒྱ་མཚོ|ccby|openAccess
W29578|གསུང་འབུམ། པདྨ་འཕྲིན་ལས་སྙིང་པོ|ccby|openAccess
W29622|སྔགས་པ་རྣམས་ཀྱི་བཅའ་ཡིག|ccby|openAccess
W29688|གསུང་འབུམ། ཚེ་དབང་ནོར་བུ|ccby|openAccess
W29695|ཐུགས་རྗེ་ཆེན་པོ་འཁོར་བ་ལས་སྒྲོལ་གྱི་ཆོག་སྒྲིགས|ccby|openAccess
W29696|ཐུགས་རྗེ་ཆེན་པོ་འཁོར་བ་ལས་སྒྲོལ་གྱི་ཆོས་སྐོར|ccby|openAccess
W29701|གསུང་འབུམ། ཚེ་རྣམ|ccby|openAccess
W29706|ཀོང་སྤྲུལ་གསན་ཡིག|ccby|openAccess
W2CZ10542|ཆོས་སྤྱོད་ཀྱི་རིམ་པ་ཐར་ལམ་རབ་གསལ|ccby|openAccess
W2CZ5019|རྫ་དཔལ་སྤྲུལ་གྱི་རྣམ་ཐར་དད་པའི་གསོས་སྨན་བདུད་རྩིའི་བུམ་བཅུད|ccby|openAccess
W2CZ6024|འཇའ་ཚོན་སྙིང་པོའི་རང་རྣམ|ccby|openAccess
W2CZ6025|ཡང་ཟབ་དཀོན་མཆོག་སྤྱི་འདུས་ཀྱི་འདོན་ཆ་ཉེར་མཁོ་ཕྱོགས་གཅིག་ཏུ་བཀོད་པ|ccby|openAccess
W2CZ6027|འཇའ་ཚོན་སྙིང་པོའི་ཆོས་སྤྱོད|ccby|openAccess
W2CZ6243|ངག་དབང་དཔལ་བཟང་གི་རྣམ་ཐར|ccby|openAccess
W2CZ6588|འཇིག་རྟེན་དབང་ཕྱུག་དྲི་མེད་ཀུན་ལྡན་གྱི་ལོ་རྒྱུས|ccby|openAccess
W2CZ6593|ཨོ་རྒྱན་ཀུན་བཟང་ཆོས་འཁོར་གླིང་གི་འདོན་ཆ|ccby|openAccess
W2CZ6597|གསུང་འབུམ། གང་ཤར་དབང་པོ|ccby|openAccess
W2CZ6600|རྡོ་རིང་པཎ་ཆེན་གྱི་དག་སྣང|ccby|openAccess
W2CZ6602|གཏིང་སྐྱེས་དགོན་པ་བྱང་སྤྲུལ་སྐུའི་འཁྲུངས་རབས་རྣམ་ཐར|ccby|openAccess
W2CZ6604|འཇམ་དབྱངས་ཆོས་ཀྱི་བློ་གྲོས་ཀྱི་རྣམ་ཐར་ཡོངས་འདུད་དགའ་ཚལ|ccby|openAccess
W2CZ6608|ཆོས་དབྱིངས་རང་གྲོལ་གྱི་རྣམ་ཐར་ཐེག་མཆོག་བསྟན་པའི་ཤིང་རྟ|ccby|openAccess
W2CZ6653|གཏེར་བདག་གླིང་པའི་གསང་རྣམ|ccby|openAccess
W2CZ7505|ཀློང་ཆེན་རབ་འབྱམས་པའི་རྣམ་ཐར|ccby|openAccess
W2CZ7872|ངག་དབང་བསྟན་འཛིན་ནོར་བུའི་རྣམ་ཐར་འཆི་མེད་བདུད་རྩིའི་རོལ་མཚོ།|ccby|openAccess
W2CZ7894|བྲག་དཀར་རྟ་སོའི་གནས་དང་གདན་རབས་བླ་མ་བརྒྱུད་པའི་ལོ་རྒྱུས་མདོ་ཙམ་བརྗོད་པ་མོས་ལྡན་དད་པའི་གདུང་སེལ་དྲང་སྲོང་དགའ་བའི་དལ་གཏམ|ccby|openAccess
W2CZ7960|སངས་རྒྱས་མཉམ་སྦྱོར་ལྕགས་སྨྱུག་མ|ccby|openAccess
W2CZ7963|ཡུམ་ཆེན་ལྷ་འཛིན་དབྱངས་ཅན་སྒྲོལ་མའི་རྣམ་ཐར|ccby|openAccess
W2DB16423|མཆོག་སྤྲུལ་འཇམ་དབྱངས་ཆོས་འཕེལ་གྱི་རྣམ་ཐར|ccby|openAccess
W2DB16630|ཆོས་རྒྱལ་གླིང་པའི་གཏེར་ཆོས།|ccby|openAccess
W2DB16631|གསུང་འབུམ། མི་ཕམ་རྒྱ་མཚོ|ccby|openAccess
W2DB20787|རིག་འཛིན་པདྨ་ཆོས་འཕེལ་གྱི་རྟོགས་བརྗོད་རྣམ་པར་ཐར་པ་དངོས་གནས་གསལ་བར་བསྟན་པ|ccby|openAccess
W2DB20791|རིག་འཛིན་ཀུན་བཟང་རྡོ་རྗེའི་རྣམ་ཐར་སྐལ་ལྡན་སྙིང་གི་མུན་སེལ་རིག་པའི་སྒྲོན་མ|ccby|openAccess
W2DB20792|པདྨའི་རྒྱལ་ཚབ་གཏེར་ཆེན་ཆོས་ཀྱི་རྒྱལ་པོ་འཛམ་གླིང་རྡོ་རྗེའི་རྣམ་ཐར་རྒྱས་པ་སྐལ་ལྡན་དད་པའི་ཁྲི་ཤིང|ccby|openAccess
W2DB4575|ཉེ་བརྒྱུད་གཅོད་ཀྱི་ཁྲིད་ཡིག་ལེགས་བཤད་བདུད་རྩིའི་རོལ་མཚོ|ccby|openAccess
W2DB4609|སྔགས་མང་ཞིབ་འཇུག ༼༧༽|ccby|openAccess
W30037|གསུང་ཐོར་བུ། པདྨ་བཛྲ།|ccby|openAccess
W30074|ཀུན་མཁྱེན་བླ་མ་པདྨ་ཚེ་དབང་ལྷུན་གྲུབ་མཆོག་གི་ཞལ་གསུང་ཐོར་བུ|ccby|openAccess
W30099|བཀའ་བརྒྱད་བདེ་གཤེགས་ཡོངས་འདུས་ཆོས་སྐོར།|ccby|openAccess
W30100|གུ་རུ་དྲག་པོ་ཡེ་ཤེས་རབ་འབར།|ccby|openAccess
W30105|གཏེར་འབུམ། རིག་འཛིན་ཉི་མ|ccby|openAccess
W30108|མཁའ་འགྲོ་སྙིང་ཏིག|ccby|openAccess
W1PD100944|སྔ་འགྱུར་བཀའ་མ་ཤིན་ཏུ་རྒྱས་པ།|ccby|openAccess
W30122|ལྷ་རིགས་ཀྱི་བཙུན་པ་བསྐལ་བཟང་པདྨ་འི་མིང་ཅན་རང་ཉིད་ཀྱི་རྟོགས་པར་བརྗོད་པ|ccby|openAccess
W30125|གསུང་ཐོར་བུ།  རོང་ཟོམ་ཆོས་ཀྱི་བཟང་པོ|ccby|openAccess
W30146|གངས་ཤུག་མ་ཎི་ལོ་ཆེན་རིག་འཛིན་ཆོས་ཉིད་བཟང་མོའི་རྣམ་པར་ཐར་པ་རྣམ་མཁྱེན་བདེ་སྟེར|ccby|openAccess
W30148|འོད་གསལ་རིན་ཆེན་སྙིང་པོ་པདྨ་ལས་འབྲེལ་རྩལ་གྱི་རྟོགས་བརྗོད་ངོ་མཚར་སྒྱུ་མའི་རོལ་གར|ccby|openAccess
W30157|ཀུན་སྤང་ཆོས་ཀྱི་རིན་ཆེན་གྱི་རྣམ་ཐར་རིན་ཆེན་ཕྲེང་བ་དང་རྡོ་དམར་ཞབས་དྲུང་མི་འགྱུར་རྡོ་རྗེའི་ཤུགས་འབྱུང་ཉམས་གླུའི་འཕྲེང་བ།|ccby|openAccess
W30170|རིག་འཛིན་འཇའ་ཚོན་སྙིང་པོའི་རྣམ་ཐར་སྤྲུལ་པ་བདུན་སྐོར་དང་ཕྱི་ནང་གསང་བའི་རྣམ་ཐར,་གཏེར་འབྱུང་གི་རིམ་པ,་ཞལ་གདམས,་རྣམ་ཐར་ཉུང་བསྡུས,་ཞལ་ཆེམས་བཅས|ccby|openAccess
W30176|གསུང་འབུམ། འཇའ་ཚོན་སྙིང་པོ|ccby|openAccess
W30187|གསང་སྔགས་ནང་གི་ལམ་རིམ་རྒྱ་ཆེར་འགྲེལ་པ་སངས་རྒྱས་གཉིས་པའི་དགོངས་རྒྱན|ccby|openAccess
W30291|དྲག་པོ་རང་འབྱུང་རང་ཤར་ཆེན་པོའི་རྒྱུད་དང་བཀའ་བརྒྱད་ཀྱི་བསྙེན་ཐབས་འདས་པའི་ཞལ་ལུང་རིན་ཆེན་ཕྲེང་བ་བཅས།|ccby|openAccess
W30323|གཏེར་བདག་གླིང་པའི་གསན་ཡིག|ccby|openAccess
W30324|ཐུགས་སྒྲུབ་ཡང་སྙིང་འདུས་པའི་ཆོས་སྐོར|ccby|openAccess
W30338|གསང་བདག་ཞལ་ལུང|ccby|openAccess
W30344|གུ་རུ་དྲག་པོ་རྡོ་རྗེ་གྲོ་ལོད་ཀྱི་ཆོས་སྐོར|ccby|openAccess
W30347|རྡོར་སེམས་ཐུགས་ཀྱི་མེ་ལོང་དང་ཟབ་ཏིག་ཆོས་དབྱིངས་རང་གསལ།|ccby|openAccess
W30388|འགར་རྩེ་བསྟན་འཛིན་གྱི་གསུང་རྩོམ།|ccby|openAccess
W30398|རྣམ་གླིང་སྔོན་འགྲོ་སློབ་གྲྭའི་ཞལ་འདོན་ཆོག་སྒྲིགས་དངོས་གྲུབ་འདོད་འཇོ|ccby|openAccess
W30406|གྲུབ་རྗེ་སྐུ་ཕྲེང་རིམ་པར་བྱོན་པའི་རྣམ་པར་ཐར་པ་འདོད་འབྱུང་ནོར་བུའི་ཕྲེང་བ|ccby|openAccess
W30407|གསུང་འབུམ། འཇམ་དབྱངས་གྲུབ་པའི་བློ་གྲོས|ccby|openAccess
W30417|རྣམ་ཐར་པདྨའི་ཕྲེང་བ|ccby|openAccess
W30429|ཀུན་མཁྱེན་ངག་གི་དབང་པོའི་རང་རྣམ།|ccby|openAccess
W30450|བཀའ་ཐང་སྡེ་ལྔ།（དགའ་ལྡན་ཕུན་ཚོགས་གླིང་གི་པར་མ།）|ccby|openAccess
W30451|བཀའ་ཐང་སྡེ་ལྔ།（ཞོལ་པར་མ།）|ccby|openAccess
W30456|གཏེར་ཆོས། ཀུན་བཟང་བདེ་སྐྱོང་དབང་མོ།|ccby|openAccess
W26073|བཀའ་བརྒྱད་ཐུགས་ཀྱི་མེ་ལོང་གི་སྒྲུབ་སྐོར|ccby|openAccess
W1KG12709|བྱང་གཏེར་སྐོར་གྱི་ཆོས་ཚན་ཁག་ཅིག|ccby|openAccess
W23826|རྟ་མགྲིན་ཡང་གསང་ཁྲོས་པ་གསང་བ་འདུས་པ|ccby|openAccess
W1KG12788|འཇམ་དཔལ་ནཱ་ག་རཀྵའི་ཆོས་སྐོར།|ccby|openAccess
W1KG12624|ཟབ་ཏིག་ཆོས་དབྱིངས་རང་གསལ།|ccby|openAccess
W1AC320|ཚོགས་ཤུལ་བླ་མ་ནོར་བུ་བསྟན་འཛིན་གྱི་གསུང་འབུམ།|ccby|openAccess
W1KG12792|རིག་འཛིན་སྲོག་སྒྲུབ་ཀྱི་རྒྱབ་ཆོས།|ccby|openAccess
W1KG12793|གྲོ་ལོད་ཀྱི་བཅའ་ཐབས་དང་འདོན་སྒྲིགས་སོགས་ཀྱི་ཕྱག་ལེན་ཟིན་དེབ།|ccby|openAccess
W1KG12712|བྱང་གཏེར་མགོན་པོ་བསྟན་སྲུང་ཡོངས་རྫོགས་ཀྱི་དབང་མཆོག་དང་བསྙེན་ཡིག་སོགས།|ccby|openAccess
W3CN616|གསུང་འབུམ། གཞན་ཕན་སྣང་བ།|ccby|openAccess
W1KG12667|ཆོས་སྤྱོད་ཐོར་བུ། ༼ནམ་མཁའ་ཁྱུང་རྫོང་གི་པར་མ།༽|ccby|openAccess
W3CN626|ཤེས་བྱ་ཀུན་ཁྱབ།|ccby|openAccess
W26463|གཡུང་སྟོན་རྡོ་རྗེ་དཔལ་བའི་རང་རྣམ|ccby|openAccess
W1KG14557|གསུང་འབུམ། ཆོས་ཀྱི་དབང་ཕྱུག|ccby|openAccess
W1PD159541|བཀའ་མ་ཤིན་ཏུ་རྒྱས་པ།༼དཔལ་ཡུལ་ཤིང་པར།༽|ccby|openAccess
W23754|མདོ་ཆེན་བཀའ་བརྒྱུད་ཀྱི་ཐོབ་ཡིག་སྐོར|ccby|openAccess
W4CZ1042|གཏེར་ཆོས། རྩ་གསུམ་གླིང་པ།|ccby|openAccess
W4CZ1100|དགོངས་པ་ཟང་ཐལ་གྱི་ཆོས་སྐོར|ccby|openAccess
W4CZ1101|རྩ་གསུམ་ཡི་དམ་དགོངས་འདུས།|ccby|openAccess
W4CZ1102|པདྨ་ཡོངས་གྲོལ།|ccby|openAccess
W4CZ1104|གྲོ་ལོད་ཆོས་སྐོར།|ccby|openAccess
W4CZ1106|དགོངས་པ་ཟང་ཐལ་གྱི་ཆོས་སྐོར།|ccby|openAccess
W1KG10193|གསུང་འབུམ། འཇིགས་མེད་གླིང་པ།|ccby|openAccess
W5062|གསུང་འབུམ། མི་ཕམ་རྒྱ་མཚོ།|ccby|openAccess
W1KG2118|གཏེར་ཆེན་རྡོ་རྗེ་གླིང་པའི་ཟབ་ཆོས་ཕྱོགས་བསྡེབས།|ccby|openAccess
W1PD156009|གསུང་ཐོར་བུ། མདོ་སྔགས་ཆོས་ཀྱི་རྒྱ་མཚོ།|ccby|openAccess
W1KG12300|གསང་སྔགས་རྡོ་རྗེ་ཐེག་པའི་ལམ་གྱི་ཆ་ལག་ཆོས་སྤྱོད་རིན་པོ་ཆེ་བདེ་ཆེན་ཐེམ་སྐས།|ccby|openAccess
W5832|གསུང་འབུམ། ཨོ་རྒྱན་འཇིགས་མེད་ཆོས་ཀྱི་དབང་པོ|ccby|openAccess
W1KG17151|གསུང་འབུམ། ཆོས་ཀྱི་རྒྱ་མཚོ།|ccby|openAccess
W19822|པོ་ཏ་ལར་བཞུགས་པའི་རྙིང་མའི་གསུང་འབུམ་དཀར་ཆག|ccby|openAccess
W19824|མཁན་པོ་ངག་ཆུང་གི་རང་རྣམ|ccby|openAccess
W27283|རྫོགས་ཆེན་ཀ་དག་རང་བྱུང་རང་ཤར|ccby|openAccess
W6460|དག་སྣང་སྤྲུལ་པའི་གླེགས་བམ|ccby|openAccess
W6475|ཞབས་དཀར་ཚོགས་དྲུག་རང་གྲོལ་གྱི་གསུང་འབུམ་ཐོར་བུ།|ccby|openAccess
W7477|གསུང་འབུམ། འཇིགས་མེད་གླིང་པ ༼ཨ་འཛོམ་པར་མ། འབྲུག་སྤ་གྲོ་ལ་བསྐྱར་པར་བརྒྱབ་པ།༽|ccby|openAccess
W7479|འཇིགས་མེད་གླིང་པའི་རྣམ་ཐར|ccby|openAccess
W1KG8928|ཟབ་ཆོས་ཞི་ཁྲོ་དགོངས་པ་རང་གྲོལ།|ccby|openAccess
W1KG9075|གསེར་འོད་ནོར་བུ་འོད་འབར།|ccby|openAccess
W1CZ1856|ཀརྨ་པས་རྙིང་མ་བ་རྣམས་ལ་དྲི་བ་ཆབ་ཤོག་ཏུ་གནང་བའི་དྲིས་ལན་ཆོས་དབྱིངས་འོད་གསལ|ccby|openAccess
W25983|བཀའ་མ་ཤིན་ཏུ་རྒྱས་པ ༼ཀཿ་ཐོག༽|ccby|openAccess
W8751|གཏེར་ཆོས། མཆོག་གྱུར་གླིང་པ|ccby|openAccess
W1GS56169|གསུང་རབ་རྣམ་དག་ཆུའི་དྲི་མ་སེལ་བྱེད་ནོར་བུ་ཀེ་ཏ་ཀ|ccby|openAccess
W1GS58442|གཏེར་འབྱུང་ཆེན་མོ་དང་དྲི་བ་རྣམ་པར་རྒྱལ་བའི་ཁང་བཟང་སོགས|ccby|openAccess
W8870|གསུང་འབུམ། བློ་གྲོས་རྒྱལ་མཚན།|ccby|openAccess
W8880|ཟབ་ཏིག་ཆོས་དབྱིངས་རང་གསལ།|ccby|openAccess
W8881|རྡོར་སེམས་ཐུགས་ཀྱི་མེ་ལོང་དང་ཐུགས་རྗེ་ཆེན་པོ་རྩ་གསུམ་སྙིང་ཐིག|ccby|openAccess
W9086|ཡི་དམ་དགོངས་འདུས་རྟ་མཆོག་རོལ་པའི་གཏེར་འབྱུང་དགའ་བའི་རྣ་རྒྱན་དང་། སྟག་ཤམ་དྲུག་པའི་གསན་ཡིག་ནོར་བུའི་ཕྲེང་བ།|ccby|openAccess
W4CZ1035|ཆོས་འབྱུང་བསྟན་པའི་ཉི་མ།|ccby|openAccess
W9140|གསུང་འབུམ། དྷརྨ་ཤྲཱི|ccby|openAccess
W9201|ཀློང་གསལ་མཁའ་འགྲོ་སྙིང་ཐིག|ccby|openAccess
W9209|མཁའ་འགྲོ་གསང་བ་ཡེ་ཤེས་ཀྱི་ཆོས་སྐོར|ccby|openAccess
W21023|གཏེར་ཆོས། བརྟུལ་ཞུགས་གླིང་པ།|ccby|openAccess
W9558|གཏེར་ཆོས། དྲི་མེད་གླིང་པ|ccby|openAccess
W1CZ2546|སྐལ་ལྡན་གྱི་སློབ་བུའི་ཚོགས་ལ་གདམས་པ་བསླབ་བྱའི་སྐོར་བླང་དོར་གསལ་སྒྲོན|ccby|openAccess
W4CZ20873|འཆི་མེད་བདུད་རྩི་བུམ་པ།|ccby|openAccess
W1KG12971|བྱང་གཏེར་བཀའ་བརྒྱད་དྲག་པོ་རང་བྱུང་རང་ཤར།|ccby|openAccess
W1KG1934|the all pervading melodious sound of thunder: the outer liberation story of terton migyur dorje|ccby|openAccess
W1KG5787|གསུང་འབུམ། པདྨ་འཕྲིན་ལས་སྙིང་པོ།|ccby|openAccess
W8859|དྲིས་ལན་ངེས་དོན་འབྲུག་སྒྲ|ccby|openAccess
W1KG877|སྔ་འགྱུར་རྡོ་རྗེ་ཐེག་པའི་བསྟན་པ་རིན་པོ་ཆེའི་ཇི་ལྟར་བྱུང་བའི་ཚུལ|ccby|openAccess
W00EGS1016248|གནས་ཆུང་རྡོ་རྗེ་སྒྲ་དབྱངས་གླིང་གི་འདོན་ཆོག|ccby|openAccess
W00EGS1016278|གཅོད་ཀྱི་ཆོས་སྐོར|ccby|openAccess
W00EGS1016286|སྒོམ་གྱི་གནད་གསལ་བར་ཕྱེ་བ་བསམ་གཏན་མིག་སྒྲོན།|ccby|openAccess
W00EGS1016290|སྤྱོད་པ་བསྡུས་པའི་སྒྲོན་མེ།|ccby|openAccess
W00EGS1016294|འབར་བའི་རྡོ་རྗེའི་གཏེར་མའི་སྐོར|ccby|openAccess
W00EGS1016299|གསུང་འབུམ། དྲི་མེད་འོད་ཟེར། ༼སྡེ་དགེ་པར་མ།༽|ccby|openAccess
W00EGS1016625|གཏེར་ཆོས། རྡོ་རྗེ་བདེ་ཆེན་གླིང་པ།|ccby|openAccess
W00EGS1016752|ཐུགས་རྗེ་ཆེན་པོ་རྩ་གསུམ་སྙིང་ཐིག|ccby|openAccess
W00EGS1016761|དཔལ་གསང་ཆེན་རྙིང་མ་སྒོ་ཆེན་རྒྱལ་བའི་རི་ཁྲོད་བདུད་འདུལ་གསང་སྔགས་གླིང་དགོན་གྱི་ཆོས་སྤྱོད་གཅེས་བཏུས་ཟབ་བཅུད་རིན་པོ་ཆེའི་གཏེར་མཛོད|ccby|openAccess
W00EGS1016935|རིག་འཛིན་ཆོས་རྒྱལ་གླིང་པའི་རྣམ་ཐར|ccby|openAccess
W00EGS1016947|གསུང་འབུམ། པདྨ་ལུང་རྟོགས་རྒྱ་མཚོ|ccby|openAccess
W00EGS1016952|ཟབ་ཁྱད་གཏེར་མའི་ལོ་རྒྱུས་གཏེར་སྟོན་ཆོས་འབྱུང་ནོར་བུའི་འཕྲེང་བ|ccby|openAccess
W00EGS1016972|རྫོགས་པ་ཆེན་པོ་ཀློང་ཆེན་སྙིང་ཐིག་གི་འདོན་ཆ་དཔལ་ཆེན་འདུས་པ་རྩལ་གི་ཕྱག་བཞེས་ལྟར་བསྒྲིགས་པ|ccby|openAccess
W00EGS1016973|ཟབ་ཆོས་ཞི་ཁྲོ་དགོངས་པ་རང་གྲོལ་ལས་ན་རག་དོང་སྤྲུགས་དཔལ་ཡུལ་ཕྱག་བཞེས་ལྟར་བཀོད་པ|ccby|openAccess
W00EGS1016984|ཚེ་སྒྲུབ་གསང་བ་འདུས་པ།|ccby|openAccess
W00EGS1017022|ཞི་བདེ་སློབ་གྲྭའི་འདོན་ཆ|ccby|openAccess
W00EGS1017066|ནོར་བུ་ཀེ་ཏ་ཀའི་བྱི་དོར|ccby|openAccess
W00EGS1017082|གསུང་འབུམ། ཀརྨ་ཆགས་མེད། ༼བྲིས་མ་ཕྱོགས་བསྡེབས།༽|ccby|openAccess
W00EGS1017093|པདྨ་གླིང་པའི་གཏེར་སྐོར|ccby|openAccess
W00EGS1017219|གཏེར་མཛོད་ལོ་རྒྱུས་གཅེས་བཏུས་བློ་གསལ་དགྱེས་པའི་འཛུམ་ཟེར|ccby|openAccess
W00EGS1017245|མཆོག་གླིང་བདེ་ཆེན་ཞིག་པོ་གླིང་པ་ཡི་ཟབ་གཏེར་ཡིད་བཞིན་ནོར་བུའི་མཛོད་ཆེན་པོ|ccby|openAccess
W00EGS1017362|གསུང་འབུམ། བསྟན་འཛིན་བཟང་པོ|ccby|openAccess
W00EGS1017419|སྔ་འགྱུར་རྙིང་མའི་ཆོས་འབྱུང་ངོ་མཚར་ཚད་མ་གསུམ་ལྡན།|ccby|openAccess
W00EGS1017555|གསུང་འབུམ། ཚུལ་ཁྲིམས་བློ་གྲོས།|ccby|openAccess
W00JR585|ཉང་སྐྱེས་སྣང་མཛད་རྡོ་རྗེའི་གསུང་རྩོམ་ཕྱོགས་བསྒྲིགས།|ccby|openAccess
W00KG010085|ར་ཆུང་གཏེར་སྟོན་པདྨ་འཕྲིན་ལས་གླིང་པའི་རྣམ་ཐར|ccby|openAccess
W00KG010269|རྒྱ་རོང་དགོན་བསམ་ལྷུན་དུང་སྒྲུབ་ཆེན་མོའི་ཞལ་འདོན་ཕྱོགས་སྒྲིགས|ccby|openAccess
W00KG01629|བཀའ་བརྒྱད་བདེ་གཤེགས་འདུས་པའི་སྒྲུབ་ཆེན་གྱི་སྟོང་ཐུན་གདོང་ལྔའི་གད་མོ།|ccby|openAccess
W00KG01632|ལུས་མཆོད་སྦྱིན་གྱི་ཟིན་བྲིས་མདོར་བསྡུས་ཀུན་དགའི་སྐྱེད་ཚལ|ccby|openAccess
W00KG01635|རིས་མེད་ཆོས་ཀྱི་འབྱུང་གནས་མདོ་ཙམ་སྨོས་པ་བློ་གསལ་མགྲིན་པའི་མཛེས་རྒྱན|ccby|openAccess
W00KG02660|ཡིད་བཞིན་མཛོད་ཀྱི་རྩ་བ|ccby|openAccess
W00KG02677|ཡིད་བཞིན་མཛོད་ཀྱི་འགྲེལ་པ་པདྨ་དཀར་པོ|ccby|openAccess
W00KG02749|པདྨ་འཕྲིན་ལས་ཀྱི་རང་ཉིད་ཀྱི་རྟོགས་བརྗོད་རབ་དཀར་ཤེལ་གྱི་མེ་ལོང|ccby|openAccess
W00KG03612|གསུང་འབུམ། ཀུན་བཟང་ཉི་མ|ccby|openAccess
W00KG03797|ཐུབ་བསྟན་རྡོ་རྗེ་བྲག་དགོན་གྱི་བྱུང་བ་མདོ་ཙམ་བརྗོད་པ་ངོ་མཚར་བཻ་ཌཱུ་རྱའི་ཕྲེང་བ|ccby|openAccess
W00KG03798|ཐུབ་བསྟན་རྡོ་རྗེ་བྲག་དགོན་གྱི་ངོ་སྤྲོད་རགས་བསྡུས|ccby|openAccess
W00KG03799|མཆོག་སྤྲུལ་བསོད་ནམས་སྙན་གྲགས་ཀྱི་རྣམ་ཐར|ccby|openAccess
W00KG03862|ཀློང་ཆེན་སྙིང་ཐིག་གི་རིག་འཛིན་འཁྲུལ་འཁོར་དཔེའུ་རིས|ccby|openAccess
W00KG03886|མཆོག་གླིང་རྣམ་ཐར་བཀྲ་ཤིས་དབྱངས་སྙན|ccby|openAccess
W00KG03940|གསུང་འབུམ། བྱམས་པ་འབྱུང་གནས།|ccby|openAccess
W00KG03976|གསུང་འབུམ། འཇིགས་མེད་ཕུན་ཚོགས་འབྱུང་གནས|ccby|openAccess
W00KG03999|ཡི་དམ་དགོངས་འདུས་རྟ་མཆོག་རོལ་པའི་བསྙེན་སྒྲུབ་ཡན་ལག་བཞི་ལྡན་གྱི་རེག་ཟིན|ccby|openAccess
W00KG04001|གསུང་འབུམ། ཕྲིན་ལས་རྡོ་རྗེ|ccby|openAccess
W00KG04068|གསུང་ཐོར་བུ། ཚེ་རིང་རྡོ་རྗེ|ccby|openAccess
W00KG0613|དབང་སྡུད་གསོལ་འདེབས་ཀྱི་བསྡུས་འགྲེལ་དང་དཔལ་རྡོ་རྗེ་སེམས་དཔའི་རྟོགས་བརྗོད་དང་སྐུ་བརྙན་བཞེངས་པའི་ཕན་ཡོན|ccby|openAccess
W00KG0617|མན་ངག་དང་ཞལ་གདམས་སྐོར|ccby|openAccess
W00KG07606|གསུང་འབུམ། ཆོས་དབྱིངས་རང་གྲོལ|ccby|openAccess
W00KG07618|རྫོགས་པ་ཆེན་པོའི་རྣམ་གཞག་མཐོང་གྲོལ་བྱིན་རླབས་འབར་བ|ccby|openAccess
W00KG09353|སྒྲུབ་ཐབས་འདོད་འཇོ་བུམ་བཟང་།|ccby|openAccess
W00KG09357|ཀློང་སྙིང་སྔོན་འགྲོའི་ཁྲིད་ཡིག་ཐར་ལམ་གསལ་བྱེད་དང་ཁྱད་པར་གྱི་ཁྲིད་ཡིག་ཡེ་ཤེས་སྙིང་པོ།|ccby|openAccess
W00KG09391|བཀའ་བརྒྱད་བདེ་གཤེགས་འདུས་པ|ccby|openAccess
W00KG09683|གསུང་ཐོར་བུ། སངས་སྤྲུལ་དཀོན་མཆོག་བསྟན་པའི་རྒྱལ་མཚན།|ccby|openAccess
W00KG09825|རིས་མེད་ཆོས་འབྱུང|ccby|openAccess
W00KG09970|གཏེར་ཆེན་ཉི་གྲགས་སྟག་མོ་དགོན་གྱི་ལོ་རྒྱུས་མདོར་བསྡུས|ccby|openAccess
W00KG09972|ཁྲོམ་བརྡ་ཁོལ་དགོན་རིག་འཛིན་གྲུབ་པའི་དགའ་ཚལ་རྟག་བརྟན་བདེ་མཆོག་གླིང་གི་གདན་རབས|ccby|openAccess
W00KG09977|རྫོང་གཏེར་ཀུན་བཟང་ཉི་མའི་གསུང་སྐོར་གཅེས་བསྡུས|ccby|openAccess
W00KG09978|མཁན་ཆེན་ཐུབ་བསྟན་ཆོས་ཀྱི་གྲགས་པའི་རྟོགས་བརྗོད་དང་གསུང་རྩོམ་ཕྱོགས་བསྒྲིགས|ccby|openAccess
W10110|ནར་མ་ནང་གི་ཉམས་བཞེས་ཀྱི་ཡིག་ཆུང་སོགས།|ccby|openAccess
W10130|རིས་མེད་ཆོས་འབྱུང་།（སི་ཁྲོན་མི་རིགས་དཔེ་སྐྲུན་ཁང་།）|ccby|openAccess
W10160|རྙིང་མའི་ཆོས་འབྱུང|ccby|openAccess
W10200|གསུང་འབུམ། ཐུབ་བསྟན་བརྩོན་འགྲུས|ccby|openAccess
W11184|རྡོ་དམར་ཞབས་དྲུང་མི་འགྱུར་རྡོ་རྗེའི་གསུང་ཐོར་བུ།|ccby|openAccess
W11208|གསུང་འབུམ། མི་འགྱུར་རྡོ་རྗེ|ccby|openAccess
W12641|མཛོད་བདུན་དཀར་ཆག|ccby|openAccess
W12829|གསུང་ཐོར་བུ། དྲི་མེད་འོད་ཟེར།（ཨ་འཛོམ་པར་མ། ལྡི་ལིར་བསྐྱར་པར་བརྒྱབ་པ།）|ccby|openAccess
W13779|རིག་འཛིན་སྲོག་སྒྲུབ།|ccby|openAccess
W13780|རྡོ་རྗེ་སྙིང་པོ་སྤྲིན་གྱི་ཐོལ་གླུ|ccby|openAccess
W1KG18255|བཀའ་ཐང་སྡེ་ལྔ།|ccby|openAccess
W15098|གསུང་འབུམ། འགྱུར་མེད་ཚེ་དབང་མཆོག་གྲུབ|ccby|openAccess
W29621|ལྟ་བའི་བརྗེད་བྱང་ཆེན་མོ|ccby|openAccess
W29639|བླ་མ་བསོད་ནམས་སྟོབས་ལྡན་གྱི་རྣམ་ཐར་སོགས།|ccby|openAccess
W3PD390|ཟབ་ཆོས་ཞི་ཁྲོ་དགོངས་པ་རང་གྲོལ།|ccby|openAccess
W8LS15839|རྫོགས་ཆེན་ཀློང་གསལ་སྙིང་ཐིག་གི་ཆོས་སྐོར།|ccby|openAccess
W8LS15848|ཟབ་ཆོས་ཞི་ཁྲོ་དགོངས་པ་རང་གྲོལ།|ccby|openAccess
W3PD247|སྤྲུལ་སྐུ་ཚུལ་ཁྲིམས་བཟང་པོའི་གསུང་འབུམ།|ccby|openAccess
W8LS16235|གཅོད་ཡུལ་མཁའ་འགྲོའི་གད་རྒྱངས།|ccby|openAccess
W2PD17093|བཀའ་རྫོགས་པ་ཆེན་པོའི་མན་ངག|ccby|openAccess
W3PD434|བཀའ་བརྒྱད་བདེ་གཤེགས་འདུས་པའི་ཆོས་སྐོར།|ccby|openAccess
W3PD439|བདུད་འཇོམས་ཞལ་གསུང་ཟིན་བྲིས་སྐོར།|ccby|openAccess
W3PD440|ཞི་ཁྲོ་དགོངས་པ་རང་གྲོལ་གྱི་བསྙེན་ཡིག་དང་ཞི་ཁྲོའི་རྫོགས་རིམ་སྐོར།|ccby|openAccess
W3PD444|གསུང་འབུམ། རོང་ཟོམ་ཆོས་ཀྱི་བཟང་པོ།|ccby|openAccess
W3PD446|སེ་ར་སྐུ་རྒྱབ་ཀྱི་དཔེ་མཛོད་ལས་གསང་སྔགས་རྙིང་མའི་ཆོས་སྐོར།|ccby|openAccess
W2PD16917|གཏེར་གསར་ཆོས་མཛོད་ཆེན་མོ།|ccby|openAccess
W2PD17369|གསུང་འབུམ། བཟང་པོ་རྡོ་རྗེ།|ccby|openAccess
W3PD889|ཁམས་དཀར་མཛེས་རྫོང་ཁོངས་གཞི་ཆེན་མཁར་དམར་གསངས་སྔགས་བསྟན་རྒྱས་གླིང་དུ་བཞུགས་པའི་དཔེ་དཀོན།|ccby|openAccess
W8LS16401|ཐུགས་རྗེ་ཆེན་པོ་ཡང་སྙིང་འདུས་པ།|ccby|openAccess
W8LS16402|གནམ་ཆོས་ཐུགས་ཀྱི་གཏེར་ཁ།|ccby|openAccess
W8LS16407|མ་མོ་རོལ་པ་སྤྱི་བསྡུས།|ccby|openAccess
W8LS16412|བླ་མ་དགོངས་འདུས།|ccby|openAccess
W8LS16414|ཞི་ཁྲོ་ཐོས་པ་རང་གྲོལ།|ccby|openAccess
W8LS16428|ཀློང་གསལ་ཆོས་སྐོར།|ccby|openAccess
W8LS16440|བཀའ་བརྒྱད་བདེར་འདུས་བསྙེན་པའི་ལག་ལེན།|ccby|openAccess
W1KG21890|མདོ་དབང་གི་སྐོར།|ccby|openAccess
W4CZ48539|སྙེམས་ཐག་གཅོད་པའི་ཁྲིད་ཀྱི་ཆ་ལག|ccby|openAccess
W1KG21930|ཟབ་གསང་མཁའ་འགྲོའི་ཐུགས་བཅུད་ལས། རྡོ་རྗེ་ཕུར་པའི་རོལ་འགྲིགས་དང་བརྒྱུད་པའི་གསོལ་འདེབས།|ccby|openAccess
W1KG21957|རིག་འཛིན་སྲོག་སྒྲུབ་ཀྱི་རྒྱབ་ཆོས།|ccby|openAccess
W2PD17383|གཏེར་ཆོས། རང་རིག་རྡོ་རྗེ།|ccby|openAccess
W1KG21960|མ་ཎི་བཀའ་འབུམ་ཆེན་མོ།|ccby|openAccess
W1KG21994|སྔགས་འབུམ་རྡོ་རྗེའི་གོ་ཁྲབ།|ccby|openAccess
W1KG22083|གཅོད་ཀྱི་རྣམ་བཤད། ༼རོང་པོ་དགོན་ཆེན་གྱི་པར་མ།༽|ccby|openAccess
W3PD989|གཏེར་ཆོས། མཐུ་སྟོབས་གླིང་པ།|ccby|openAccess
W3PD991|གཏེར་ཆོས། བདེ་ཆེན་ཞིག་པོ་གླིང་པ།|ccby|openAccess
W3PD996|གཏེར་ཆོས། ངེས་དོན་རྒྱ་མཚོ།|ccby|openAccess
W3PD1001|གཏེར་ཆོས། རོང་སྟོན་པདྨ་བདེ་ཆེན་གླིང་པ།|ccby|openAccess
W3PD1002|གསུང་འབུམ། མཁྱེན་བརྩེའི་དབང་པོ།|ccby|openAccess
W3PD1003|གཏེར་ཆོས། རཏྣ་གླིང་པ།|ccby|openAccess
W1KG22189|བདེ་གཤེགས་འདུས་པ་སྒྲུབ་པ་བཀའ་བརྒྱད་སྐོར།|ccby|openAccess
W3PD1123|རཏྣ་གླིང་པའི་གཏེར་ཆོས་ཀྱི་ཙཀླི།|ccby|openAccess
W1KG22378|གསུང་ཐོར་བུ། ཚེ་དབང་རིག་འཛིན།|ccby|openAccess
W1KG22474|ཆོས་དབྱིངས་རིན་པོ་ཆེའི་མཛོད་སོགས།|ccby|openAccess
W1KG22476|གཅོད་ཀྱི་གདམས་པ་གདན་ཐོག་གཅིག་ཏུ་ཉམས་སུ་བླངས་ཆོག་སོགས།|ccby|openAccess
W1KG22478|རྫོགས་པ་ཆེན་པོ་འཆི་མེད་ཡང་ཟབ་རྒྱ་མཚོའི་ཆོས་སྐོར།|ccby|openAccess
W1KG22479|ཡུམ་ཀ་མཚོ་རྒྱལ་བདེ་ཆེན་རྒྱལ་མོའི་རྩ་བའི་སྒྲུབ་པ་བདེ་ཆེན་དཔལ་ཕྲེང་སོགས།|ccby|openAccess
W1KG22482|རྒྱུན་ཆགས་གསུམ་པ་སོགས།|ccby|openAccess
W1KG22484|གསུང་འཐོར་བུ། འཇིགས་མེད་གླིང་པ།|ccby|openAccess
W1KG22486|ཟབ་དོན་གཅོད་ཀྱི་བྱིན་འབེབས་བྱིན་རླབས་ཆར་འབེབས་སོགས།|ccby|openAccess
W1KG22545|སྔོན་འགྲོ་ཆོས་སྤྱོད་ཐར་ལམ་དཀར་པོ་དང་གསོལ་འདེབས་སྨོན་ལམ་སོགས།|ccby|openAccess
