W4CZ42596|བཀའ་ཐང་ཟངས་གླིང་མ།|ccby|openAccess
W7956|བཀའ་ཐང་ཟངས་གླིང་མ|ccby|openAccess
W4CZ45235|རྗེ་བཙུན་མི་ལ་རས་པའི་གསུང་མགུར་མཛོད་ནག་མ།|ccby|openAccess
W8LS15799|ཚུལ་ཁྲིམས་རྡོ་རྗེའི་རྣམ་པར་ཐར་པའི་ཚུལ་སྒྲིབ་མེད་སྟོན་པའི་མེ་ལོང་།|ccby|openAccess
W8LS15812|རྟ་ཚག་རྗེ་དྲུང་ངག་དབང་དཔལ་ལྡན་ཆོས་ཀྱི་རྒྱལ་མཚན་གྱི་རྣམ་ཐར།|ccby|openAccess
W30112|ཤངས་པ་གསེར་འཕྲེང|ccby|openAccess
W30121|རྒྱལ་བ་རྡོ་རྗེ་འཆང་ཡབ་ཡུམ་གྱི་རྣམ་ཐར་རིན་ཆེན་གཏེར་མཛོད་སོགས།|ccby|openAccess
W1KG16907|མ་ཧཱ་པཎྜི་ཏ་ཚེ་དབང་ཀུན་ཁྱབ་ཀྱི་རྣམ་ཐར་རྟོགས་བརྗོད་རིན་ཆེན་ནོར་བུའི་ཕྲེང་བ།|ccby|openAccess
W1KG16912|པདྨ་བཀའ་ཐང་། ༼པེ་ཅིན་པར་མ།༽|ccby|openAccess
W1KG16754|འཕགས་ཡུལ་རྒྱ་ནག་ཆེན་པོ་བོད་དང་སོག་ཡུལ་དུ་དམ་པའི་ཆོས་བྱུང་ཚུལ་དཔག་བསམ་ལྗོན་བཟང་།|ccby|openAccess
W23429|དཔལ་འབྲུག་པ་རིན་པོ་ཆེ་རྒྱལ་དབང་ཐམས་ཅད་མཁྱེན་པ་དཔག་བསམ་དབང་པོ་ཐུབ་བསྟན་ཡོངས་འདུའི་དཔལ་གྱི་སྡེའི་རྣམ་པར་ཐར་པ་སྐལ་བཟང་ཀུན་ཏུ་དགའ་བའི་ཟློས་གར|ccby|openAccess
W1KG17087|བླ་མ་ཨ་ཏི་ཤའི་རྣམ་ཐར། ༼ཕྱི། ར། ༢༢ བྲིས་མ།༽|ccby|openAccess
W15649|སྲས་མཁར་དགུ་ཐོག་སོགས་ཀྱི་གནས་ཡིག|ccby|openAccess
W15654|གནས་ཆེན་གངས་རི་མཚོ་གསུམ་སོགས་ཀྱི་གནས་ཡིག|ccby|openAccess
W1KG15191|མི་ཕམ་དབང་པོའི་རྣམ་པར་ཐར་པ་ཀུན་ཏུ་བཟང་པོའི་ཡོན་ཏན་གྱི་མེ་ལོང་།|ccby|openAccess
W15960|དབྱངས་ཅན་གྲུབ་པའི་རྡོ་རྗེའི་རྣམ་ཐར།|ccby|openAccess
W15964|བཀའ་གདམས་ཆོས་འབྱུང་གསལ་བའི་སྒྲོན་མེ|ccby|openAccess
W1KG10872|ངོར་མཁན་ཆེན་དཔལ་ལྡན་ཆོས་སྐྱོང་ཞབས་ཀྱི་རྣམ་ཐར། ༼སྡེ་དགེ་པར་མ།༽|ccby|openAccess
W1KG10496|སྨྱུང་གནས་བླ་མ་བརྒྱུད་པའི་རྣམ་ཐར།|ccby|openAccess
W1KG15409|དཔལ་ལྡན་བླ་མའི་རྣམ་ཐར་གྱི་དཀར་ཆག་མུ་ཏིག་འཕྲེང་བ།|ccby|openAccess
W1KG11691|ཤེས་རབ་བློ་ལྡན་གྱི་རྣམ་ཐར་དང་མགུར་འབུམ།|ccby|openAccess
W1KG11704|ཕ་བོང་ཁ་པ་བདེ་ཆེན་སྙིང་པོའི་རྣམ་ཐར།|ccby|openAccess
W1KG15446|བོད་ཀྱི་སྨན་པ་རིམ་བྱོན་གྱི་རྣམ་ཐར་ཕྱོགས་བསྒྲིགས།|ccby|openAccess
W1KG15408|ཧོར་ཆོས་འབྱུང་། ༼བཀྲ་ཤིས་ཆོས་འབྱོར་གླིང་གི་པར་མ།༽|ccby|openAccess
W27711|བསྟན་འཛིན་ཆོས་ཀྱི་རྒྱལ་མཚན་གྱི་རྣམ་ཐར། ༼སྨད་ཆ།༽|ccby|openAccess
W16470|བློ་བཟང་དཔལ་ལྡན་བསྟན་འཛིན་སྙན་གྲགས་དཔལ་བཟང་པོའི་རྣམ་ཐར|ccby|openAccess
W16478|ལྷ་བུག་པ་ཅན་པའི་གདུང་རབས་དང་གཡའ་བཟང་ཆོས་འབྱུང་།|ccby|openAccess
W17157|ཙོང་ཁ་པའི་རྣམ་ཐར་གོ་སླར་བར་བརྗོད་པ|ccby|openAccess
W1KG15846|ཀུན་མཁྱེན་པདྨ་དཀར་པོའི་རྣམ་ཐར་སྙན་ངག་ཅན་གྱི་འགྲེལ་བ།|ccby|openAccess
W1KG15852|འགྲོ་བའི་མགོན་པོ་གཙང་པ་རྒྱ་རས་པའི་རྣམ་པར་ཐར་པ་ངོ་མཚར་དད་པའི་རླབས་ཕྲེང།|ccby|openAccess
W17276|ཆོས་འབྱུང་ངོ་མཚར་རྒྱ་མཚོ|ccby|openAccess
W17320|པདྨ་བཀའ་ཐང|ccby|openAccess
W1KG15856|རྗེ་འཛི་སྒར་བཞི་པ་རིག་འཛིན་རྡོ་རྗེ་དྲག་པོའི་རྣམ་ཐར་དད་གསུམ་འདབ་སྟོང་བཞད་པའི་ཉིན་བྱེད་དང་། གསང་བའི་རྟོགས་བརྗོད།|ccby|openAccess
W175|ངག་དབང་བློ་བཟང་རྒྱ་མཚོའི་རང་རྣམ|ccby|openAccess
W17722|བོད་གྱི་སྨན་པ་རིམ་བྱོན་གྱི་རྣམ་ཐར་ཕྱོགས་བསྒྲིགས|ccby|openAccess
W28260|རྡོ་རིང་པཎྜི་ཏའི་རྣམ་ཐར་།|ccby|openAccess
W18047|མདོ་མཁྱེན་བརྩེ་ཡེ་ཤེས་རྡོ་རྗེའི་རྣམ་ཐར།|ccby|openAccess
W1KG15996|གྲུབ་དབང་སྦྱིན་པ་ནོར་བུའི་རང་རྣམ།|ccby|openAccess
W18115|ཀྱེ་རྡོར་ཕྱི་ནང་བསྐྱེད་རིམ་ཉམས་ལེན་གསལ་བྱེད་དང་ངོར་ཆེན་ཀུན་དགའ་བཟང་པོའི་རྣམ་ཐར་ལེགས་བཤད་རྒྱ་མཚོ།|ccby|openAccess
W18133|ཀརྨ་པ་སྐུ་ཕྲེང་རིམ་བྱོན་གྱི་མཛད་རྣམ|ccby|openAccess
W18579|རླངས་ཀྱི་པོ་ཏི་བསེ་རུ་རྒྱས་པ|ccby|openAccess
W18580|རྒྱ་གར་དུ་བསྟན་པ་དང་བསྟན་འཛིན་ཇི་ལྟར་བྱོན་པའི་ཚུལ|ccby|openAccess
W18588|ཕྱོགས་ལས་རྣམ་རྒྱལ་གྱི་རྣམ་ཐར་ངོ་མཚར་དགའ་སྟོན|ccby|openAccess
W18598|བཻ་རོའི་རྣམ་ཐར་འདྲ་འབག་ཆེན་མོ།|ccby|openAccess
W18609|ཡར་ལུང་ཇོ་བོའི་ཆོས་འབྱུང|ccby|openAccess
W18611|དགའ་ལྡན་ཆོས་འབྱུང|ccby|openAccess
W18616|སངས་རྒྱས་ཀྱི་རྣམ་ཐར་བདེ་བ་གཤེགས་པའི་སྤྱོད་པ།|ccby|openAccess
W18640|ཆོས་ཀྱི་བཟང་པོའི་རྣམ་ཐར|ccby|openAccess
W18649|གཞོན་ནུ་བློ་གྲོས་ཀྱི་རྣམ་ཐར|ccby|openAccess
W18652|དཀོན་མཆོག་དཔལ་བའི་རྣམ་ཐར|ccby|openAccess
W19222|རྭ་ལུང་དཀར་བརྒྱུད་གསེར་འཕྲེང་།|ccby|openAccess
W1923|བདེ་གཤེགས་བསྟན་པའི་གསལ་བྱེད་ཆོས་ཀྱི་འབྱུང་གནས|ccby|openAccess
W19231|འབའ་ར་བཀའ་བརྒྱུད་གསེར་འཕྲེང་ཆེན་མོ|ccby|openAccess
W28838|བོ་དོང་པཎ་ཆེན་གྱི་རྣམ་ཐར|ccby|openAccess
W1KG16208|ཆོས་འབྱུང་ཀུན་བཏུས་པདྨ་དཀར་པོའི་ཆུན་པོ་བློ་གསལ་འདྲེན་བྱེད་བདུད་རྩིའི་དཔལ་ཡོན།|ccby|openAccess
W19461|འཇམ་དབྱངས་ཆོས་ཀྱི་བློ་གྲོས་ཀྱི་གསང་རྣམ་གསོལ་འདེབས|ccby|openAccess
W19479|ཀུན་དགའ་རྒྱལ་མཚན་གྱི་རྟོགས་བརྗོད།|ccby|openAccess
W1PD181141|རྟའུ་སྦས་ཞབས་བྲག་དཀར་དང་གཡུང་དྲུང་བོན་རྫོང་གི་དཀར་ཆག|ccby|openAccess
W1PD181142|གཏེར་ཆེན་གར་དབང་ཆོས་རྒྱལ་གླིང་པའི་གདུང་རིགས་རིམ་བྱོན་དང་ཆོས་བརྒྱུད་སོགས་ཀྱི་ཟིན་བྲིས་ཉིན་བྱེད་འོད་སྣང་སོགས།|ccby|openAccess
W19669|པདྨ་འབྱུང་གནས་ཀྱི་རྣམ་ཐར་བསྡུས་པ་སོགས།|ccby|openAccess
W19678|ཨ་བློ་སྤུན་མཆེད་ཀྱི་རྣམ་ཐར།|ccby|openAccess
W19692|ལས་རབ་གླིང་པའི་རྣམ་ཐར|ccby|openAccess
W19708|རྙིང་མའི་སྐྱེས་མཆོག་རིམ་བྱོན་གྱི་རྣམ་ཐར|ccby|openAccess
W19709|གཏེར་བཏོན་གྱི་ལོ་རྒྱུས་གཏེར་བཏོན་ཆོས་འབྱུང|ccby|openAccess
W1KG11747|ཞབས་དཀར་ཚོགས་དྲུག་རང་གྲོལ་གྱི་གསང་རྣམ་དང་རིག་འཛིན་དཔལ་ལྡན་བཀྲ་ཤིས་ཀྱི་རྣམ་ཐར་སོགས།|ccby|openAccess
W19809|ལྷོ་འབྲུག་ཆོས་འབྱུང་།|ccby|openAccess
W19830|དྷི་ཚ་དགོན་པའི་གདན་རབས|ccby|openAccess
W19838|སྐུ་འབུམ་གདན་རབས|ccby|openAccess
W1KG11753|སེ་ར་རྗེ་བཙུན་ཆོས་ཀྱི་རྒྱལ་མཚན་གྱི་རྣམ་ཐར།|ccby|openAccess
W1KG17450|ཆོས་རྗེ་ཤེས་རབ་འབྱུང་གནས་དང་སྡེ་སྲིད་བཅུ་པ་མི་ཕམ་དབང་པོའི་རྟོགས་བརྗོད་གྲུབ་དབང་པད་དཀར་ལྷུན་གྲུབ་ཀྱི་མགུར་བཅས།|ccby|openAccess
W1KG17451|བཅོམ་ལྡན་འདས་ཐུབ་པའི་དབང་པོའི་མཛད་པ་མདོ་ཙམ་བརྗོད་པ་མཐོང་བས་དོན་ལྡན།|ccby|openAccess
W19871|གཙང་དགོན་པའི་གདན་རབས|ccby|openAccess
W1KG11772|ངོར་ཆེན་དཀོན་མཆོག་ལྷུན་གྲུབ་ཀྱི་རྣམ་ཐར།|ccby|openAccess
W19973|བྱང་བདག་རྣམ་རྒྱལ་གྲགས་བཟང་གི་རྣམ་ཐར|ccby|openAccess
W19974|དགུ་རོང་སྐུ་ཕྲེང་སྔ་ཕྱིའི་རྣམ་ཐར་པུཎྜ་རི་ཀའི་འཁྲི་ཤིང|ccby|openAccess
W19988|ཀམ་ཚང་གསེར་ཕྲེང་གི་རྣམ་ཐར་ཁ་སྐོང|ccby|openAccess
W1CZ1033|འཇམ་དབྱངས་མཁྱེན་བརྩེའི་དབང་པོའི་རྣམ་ཐར|ccby|openAccess
W1CZ1056|ནགས་ཀྱི་རིན་ཆེན་གྱི་རྣམ་ཐར|ccby|openAccess
W1CZ1057|ངག་དབང་ཆོས་གྲགས་ཀྱི་རྣམ་ཐར|ccby|openAccess
W1CZ1078|སངས་རྒྱས་འཕེལ་གྱི་རྣམ་ཐར་ཚིགས་སུ་བཅད་པ|ccby|openAccess
W1CZ1079|མཁན་བརྒྱུད་རྣམ་གསུམ་བྱོན་ཚུལ་གྱི་རྣམ་ཐར|ccby|openAccess
W1CZ1113|བྱང་ཆུབ་སེམས་པའི་རྟོགས་པ་བརྗོད་པ་དཔག་བསམ་འཁྲི་ཤིང|ccby|openAccess
W1CZ1143|ལམ་འབྲས་གདམས་ངག་ཟབ་མོ་བྱུང་ཚུལ་གྱི་ཡི་གེ་དོན་གཉེར་དགའ་བ་བསྐྱེད་བྱེད|ccby|openAccess
W1CZ1850|གཤིན་རྗེ་གཤེད་སྐོར་གྱི་དམ་པའི་ཆོས་བྱུང་བའི་ཚུལ་ལེགས་པར་བཤད་པ་འཇམ་དཔལ་ཆོས་ཀུན་གསལ་བའི་ཉིན་བྱེད|ccby|openAccess
W1CZ1863|མཁྱེན་རབ་ཆོས་རྗེའི་མཛད་པ་ཕྱི་མའི་རྣམ་པར་ཐར་པ་ཡིད་བཞིན་ནོར་བུ་རིན་པོ་ཆེ་སྐལ་བཟང་གདུལ་བྱའི་གཉེན|ccby|openAccess
W1CZ1864|རིག་འཛིན་རྒྱལ་པོའི་རྣམ་ཐར་དད་པའི་ལྗོན་ཤིང|ccby|openAccess
W1CZ1868|བསོད་ནམས་རྒྱལ་མཚན་གྱི་རྣམ་ཐར|ccby|openAccess
W1CZ1870|འཇམ་དབྱངས་དཀོན་མཆོག་བཟང་པོའི་རྣམ་ཐར་དད་པའི་ལྗོན་ཤིང་རྒྱས་བྱེད|ccby|openAccess
W1CZ1876|ལམ་འབྲས་བླ་མ་ཚད་མའི་རྣམ་ཐར|ccby|openAccess
W1CZ1879|ཁྲོ་ཕུ་ལོ་ཙྪ་བའི་རྣམ་ཐར་ཡབ་སྲས་མཇལ་བ|ccby|openAccess
W1CZ1880|བྱམས་པ་དཔལ་གྱི་རྣམ་ཐར་འཁྲི་ཤིང་མ|ccby|openAccess
W1CZ1881|ཐེག་ཆེན་ཆོས་རྗེ་ཀུན་དགའ་བཀྲ་ཤིས་ཀྱི་རྣམ་ཐར་ངོ་མཚར་རྒྱ་མཚོའི་གཏེར|ccby|openAccess
W1CZ1882|བྱང་པ་ལྷོ་བདག་པོའི་གདུང་རབས|ccby|openAccess
W1CZ1883|ས་སྐྱ་པའི་གདུང་རབས་འདོད་དགུའི་རྒྱ་མཚོ|ccby|openAccess
W1CZ1885|རེད་མདའ་བ་གཞོན་ནུ་བློ་གྲོས་ཀྱི་རྣམ་ཐར|ccby|openAccess
W1CZ2048|འདས་ལོག་རྣམ་ཐར་རྣམ་ཐར་ཕྱོགས་བསྒྲིགས།|ccby|openAccess
W1CZ2157|རིན་ཆེན་བསོད་ནམས་འཕེལ་བའི་རྣམ་པར་ཐར་པ|ccby|openAccess
W1CZ2158|རིན་ཆེན་མཁྱེན་རབ་མཆོག་གྲུབ་དཔལ་བཟང་པོའི་རྣམ་ཐར་མཐོང་བས་དོན་ཡོད|ccby|openAccess
W1CZ2163|འདས་ལོག་སངས་རྒྱས་ཆོས་འཛོམས་ཀྱི་རྣམ་ཐར|ccby|openAccess
W1CZ2273|བལ་ཡུལ་གནས་ཡིག|ccby|openAccess
W1CZ2328|ཇོ་ནང་ཆོས་འབྱུང་གསལ་བྱེད་ཟླ་བའི་སྒྲོན་མེ་།|ccby|openAccess
W1CZ2330|བོན་གྱི་ཆོས་འབྱུང|ccby|openAccess
W1CZ2417|རབ་བརྟན་ཀུན་བཟང་འཕགས་ཀྱི་རྣམ་ཐར|ccby|openAccess
W1CZ2507|རྫོགས་ཆེན་དགོན་དང་རྫོགས་ཆེན་པ་རིམ་བྱོན།|ccby|openAccess
W1CZ2543|ཨ་འཛོམ་དགོན་པའི་གནའ་དེང་གི་ལོ་རྒྱུས་མདོར་བསྡུས་རང་བློས་དཔག་ནུས་སྒྲོ་བསྐུར་དང་བྲལ་བར་སྐྲ་རྩེའི་ཐིགས་པ་ཙམ་དུ་བརྗོད་པ|ccby|openAccess
W1CZ2548|རིག་འཛིན་འགྱུར་མེད་རྡོ་རྗེའི་ལོ་རྒྱུས་ཆུ་ཟླའི་སྣང་བརྙན|ccby|openAccess
W1CZ2549|འགྲོ་འདུལ་དཔའ་བོ་རྡོ་རྗེའི་རྣམ་ཐར་སྐལ་བཟང་ཡིད་ཀྱི་གདུང་སེལ|ccby|openAccess
W1CZ2730|ལམ་རིམ་བླ་མ་བརྒྱུད་པའི་རྣམ་ཐར|ccby|openAccess
W1CZ2855|གཤིན་རྗེ་གཤེད་སྐོར་གྱི་བླ་མ་བརྒྱུད་པའི་ཆོས་འབྱུང་གདུལ་བྱའི་རེ་འདོད་སྐོང་བ་ཡིད་བཞིན་ནོར་བུའི་འཕྲེང་བ|ccby|openAccess
W1CZ3|བཀའ་གདམས་ཆོས་འབྱུང|ccby|openAccess
W1CZ3868|བཀའ་ཐང་མུན་སེལ་སྒྲོན་མེ|ccby|openAccess
W1CZ4690|འབྲུག་པ་ཀུན་ལེགས་ཀྱི་རྣམ་ཐར་མོན་སྤ་གྲོ་སོགས་ཀྱི་མཛད་སྤྱོད་།|ccby|openAccess
W1CZ505|ཨ་ལྕེ་རིག་སྟོང་རྒྱལ་མོའི་རྣམ་ཐར|ccby|openAccess
W1CZ674|མི་ཕམ་བློ་གྲོས་རྒྱ་མཚོའི་དྲང་གཏམ|ccby|openAccess
W1CZ689|མྱང་ཆོས་འབྱུང|ccby|openAccess
W1CZ878|ངོར་པའི་ཆོས་འབྱུང|ccby|openAccess
W1CZ884|གནས་ཆེན་གངས་རི་མཚོ་གསུམ་སོགས་ཀྱི་གནས་ཡིག|ccby|openAccess
W1CZ886|གངས་ཏི་སེ་དང་མ་ཕམ་གཡུ་མཚོའི་གནས་ཡིག|ccby|openAccess
W1CZ887|ལ་ཕྱིའི་གནས་ཡིག|ccby|openAccess
W1CZ888|མི་ཕམ་ངག་དབང་སྙན་གྲགས་དཔལ་བཟང་པོ་དང་འཛམ་གླིང་ནོར་བུ་རྒྱན་པའི་རྣམ་ཐར།|ccby|openAccess
W1CZ891|སྨྱུང་གནས་བླ་མ་བརྒྱུད་པའི་རྣམ་ཐར་ཡིག་དྲུག་དང་སྨྱུང་གནས་ཀྱི་ཕན་ཡོན|ccby|openAccess
W1CZ897|གནས་རྙིང་ཆོས་འབྱུང|ccby|openAccess
W1CZ900|བདུད་འཇོམས་གླིང་པའི་རྣམ་ཐར་ཞལ་གསུངས་མ|ccby|openAccess
W1CZ991|སྟག་ལུང་གདུང་རབས|ccby|openAccess
W1GS45961|ཉག་བླ་རང་རིག་རྡོ་རྗེའི་རྣམ་ཐར་དང་མགུར་འབུམ|ccby|openAccess
W1GS61415|མཁན་ཆེན་ཁྲོ་རུ་ཚེ་རྣམ་གྱི་རྣམ་ཐར|ccby|openAccess
W1GS88816|གཉགས་སྟོན་པའི་གདུང་རབས་དང་གདན་རབས|ccby|openAccess
W1GS91831|བཀའ་གདམས་གསར་རྙིང་གི་ཆོས་འབྱུང་ཡིད་ཀྱི་མཛེས་རྒྱན།（བོད་ལྗོངས་བོད་ཡིག་དཔེ་རྙིང་དཔེ་སྐྲུན་ཁང་།）|ccby|openAccess
W1GS983|ཨ་རིག་མཁན་ཆེན་པདྨ་ཚེ་དབང་གི་རྣམ་ཐར།|ccby|openAccess
W1KG10013|གཏེར་སྟོན་འབར་བའི་རྡོ་རྗེའི་རྣམ་ཐར།|ccby|openAccess
W1KG10070|གྲོ་ལོད་བཀའ་ཐང་སོགས།|ccby|openAccess
W1KG10137|ཐུགས་རྗེ་ཆེན་པོ་ཡེ་ཤེས་འོད་མཆོག|ccby|openAccess
W1KG10141|མདོ་སྨད་ཆོས་འབྱུང་།|ccby|openAccess
W1KG10187|འབྲི་གུང་གསེར་འཕྲེང་།|ccby|openAccess
W1KG10256|འཁྲུལ་ཞིག་ངག་དབང་ཚེ་རིང་གི་རྣམ་ཐར་དང་ཉམས་མགུར་སོགས།|ccby|openAccess
W1KG10281|རྗེ་བཙུན་ཤེས་རབ་སེངྒེའི་རྟོགས་བརྗོད་སྐལ་བཟང་དད་པའི་འདོད་འཇོ་དཔག་བསམ་ཡོངས་འདུའི་ཁྲི་ཤིང་།|ccby|openAccess
W1KG10284|སྣང་གསལ་འོད་འབུམ་གྱི་རྣམ་ཐར།|ccby|openAccess
W1KG10287|རྒྱ་གཟའ་བལ་བཟའི་རྣམ་ཐར། ༼དབུ་ཅན་བྲིས་མ།༽|ccby|openAccess
W1KG10418|རྒྱ་གར་ཆོས་འབྱུང་དང་སློབ་དཔོན་ཆེན་པོ་སྤྱོད་འཆང་དབང་པོའི་རྣམ་ཐར་སོགས།|ccby|openAccess
W1KG10566|ཕ་ཇོ་འབྲུག་སྒོམ་ཞིག་པོའི་རྣམ་ཐར།|ccby|openAccess
W1KG10593|རྫོགས་པ་ཆེན་པོ་རྒྱུད་ཀྱི་རྒྱལ་པོ་པདྨ་ཞི་ཁྲོའི་ལོ་རྒྱུས་ཆོས་ཀྱི་འབྱུང་ཚུལ་རཏྣའི་ཆར།|ccby|openAccess
W1KG10617|ཐུགས་རྗེ་ཆེན་པོ་མི་ཏྲ་ཛྭོ་ཀིའི་རྣམ་ཐར་དང་གཤིན་རྗེ་ཆོས་ཀྱི་རྒྱལ་པོའི་གསུང་ཕྲིན།|ccby|openAccess
W1KG10687|བོད་ཀྱི་ལོ་རྒྱུས་རྣམ་ཐར་ཕྱོགས་བསྒྲིགས།（༡－༣༠）|ccby|openAccess
W1KG1111|ས་ལོ་འཇམ་པའི་རྡོ་རྗེ། སྔགས་འཆང་གྲགས་པ་བློ་གྲོས། འཇམ་དབྱངས་བསོད་ནམས་དབང་པོ་གསུམ་གྱི་རྣམ་ཐར|ccby|openAccess
W1KG1246|སྤྲང་རྒན་ཨོ་རྒྱན་བསྟན་འཛིན་པའི་རྣམ་ཐར་བསྡུས་པ|ccby|openAccess
W1KG1247|འཇིགས་བྱེད་ཆོས་འབྱུང|ccby|openAccess
W1KG1251|བྱ་མགྲིན་སྔོན་ཟླ་བའི་རྟོགས་བརྗོད|ccby|openAccess
W1KG1253|མི་དབང་རྟོགས་བརྗོད|ccby|openAccess
W1KG1279|ཀུན་མཁྱེན་ཆེན་པོ་རོང་པོའི་རྣམ་ཐར|ccby|openAccess
W1KG1280|འཇམ་དཔལ་དཔའ་བོའི་རྣམ་ཐར་སྒོ་བཞི་པ་མཁས་གྲུབ་ཡོན་ཏན་རིན་པོ་ཆེའི་འབྱུང་གནས|ccby|openAccess
W1KG1281|ཆེ་ཤོས་སྐུ་ཕྲེང་གསུམ་པ་བློ་བཟང་བྱང་ཆུབ་བསྟན་པའི་སྒྲོན་མེའི་རང་རྣམ|ccby|openAccess
W1KG1400|འདས་ལོག་དཀར་ཆག་ཐར་པའི་ལམ་སྟོན་གསལ་བའི་སྒྲོན་མེ།|ccby|openAccess
W1KG1442|རྗེ་བཙུན་བློ་བཟང་ཉི་མའི་རྣམ་ཐར་ས་བོན་མདོར་བསྡུས་དད་པའི་ཆུ་གཏེར་འཕེལ་བའི་ཟླ་བ|ccby|openAccess
W1KG1445|བླ་མ་དཀར་པོའི་རྣམ་ཐར་མདོར་བསྡུས།|ccby|openAccess
W1KG1607|བཻ་རོ་ཙ་ནའི་རྣམ་ཐར་འདྲ་འབག་ཆེན་མོ|ccby|openAccess
W1KG1610|དགའ་ལྡན་ཆོས་འབྱུང་བཻ་ཌཱུ་རྱ་སེར་པོ|ccby|openAccess
W1KG1645|དགའ་ལྡན་ཁྲི་རབས་རྣམ་ཐར|ccby|openAccess
W1KG1646|མ་གཅིག་ལབ་ཀྱི་སྒྲོན་མའི་རྣམ་ཐར་དང་གཅོད་ཀྱི་ཆོས་སྐོར་མ་འོངས་ལུང་བསྟན་བཅས་པ|ccby|openAccess
W1KG1797|རྒྱལ་སྲས་ཐོགས་མེད་རིན་པོ་ཆེའི་རྣམ་ཐར་དད་པའི་གསལ་འདེབས་དང་གཞན་ལ་ཕན་པའི་འོད་ཟེར|ccby|openAccess
W1KG1804|དཔྱལ་གྱི་གདུང་རབས་ཟ་ར་ཚགས་དང་གང་གཱའི་ཆུ་རྒྱུན་གཉིས་གཅིག་ཏུ་བྲིས་པ་ཀུན་གསལ་མེ་ལོང|ccby|openAccess
W1KG2155|ཨོ་རྒྱན་སྐུ་གསུམ་གླིང་པའི་རྣམ་ཐར།|ccby|openAccess
W1KG2230|བཀའ་བརྒྱུད་གསེར་འཕྲེང་རྒྱས་པ|ccby|openAccess
W1KG2782|རྡོ་གྲུབ་འཇིགས་མེད་ཕྲིན་ལས་འོད་ཟེར་གྱི་གསུང་ཐོར་བུ་དང་རྡོ་གྲུབ་སྐུ་ཕྲེང་རིམ་བྱོན་གྱི་རྣམ་ཐར་ཕྱོགས་བསྡུས།|ccby|openAccess
W1KG2815|སྤྲུལ་པའི་རིག་འཛིན་ཆེན་པོ་ཟིལ་གནོན་དབང་རྒྱལ་རྡོ་རྗེའི་ཕྱི་ནང་གསང་གསུམ་གྱི་རྣམ་ཐར|ccby|openAccess
W1KG2827|སྤྱན་སྔ་འབྲི་གུང་གླིང་པའི་རྣམ་ཐར་སྙན་པའི་འབྲུག་སྒྲ ༼ཀ༽|ccby|openAccess
W1KG2834|དཔལ་ལྡན་བླ་མ་དམ་པའི་རྣམ་པར་ཐར་པ་སྙན་གྲགས་ལྷ་ཡི་རྔ་ཆེན་ཚངས་དབྱངས་ཀྱི་སྒྲ་བརྒྱ་པ ༼ཁ༽|ccby|openAccess
W1KG2843|འབྲི་གུང་པ་རཏྣའི་མིང་ཅན་གྱི་སྐྱེས་རབས་མོས་གུས་དྲན་པའི་ལྕགས་ཀྱུ ༼ག༽|ccby|openAccess
W1KG2848|གྲུབ་ཐོབ་གླིང་ཆེན་རས་པའི་རྣམ་ཐར་ངོ་མཚར་ཆེ་བ ༼ཉ༽|ccby|openAccess
W1KG2849|ཆོས་རྗེ་འགྲོ་བའི་མགོན་པོ་གཙང་པ་རྒྱ་རས་ཀྱི་རྣམ་པར་ཐར་པ ༼ཏ༽|ccby|openAccess
W1KG2850|རྒོད་ཚང་མགོན་པོ་རྡོ་རྗེའི་རྣམ་པར་ཐར་པ་ཤིན་ཏུ་ངོ་མཚར་ཆེ་བ།|ccby|openAccess
W1KG2852|གནས་ཆེན་ཤེལ་གྱི་རི་བོ་འབྲུག་སྒྲའི་དཀར་ཆག་མཐོང་བ་དོན་ལྡན|ccby|openAccess
W1KG3134|ངག་དབང་བཟང་པོའི་ཞབས་ཀྱི་རྟོགས་པ་བརྗོད་པ་ལེགས་པར་བཤད་པའི་གཏམ་འཆི་མེད་རྔ་སྒྲ|ccby|openAccess
W1KG3170|འདས་ལོག་དཀར་ཆག་ཐར་པའི་ལམ་སྟོན་གསལ་བའི་སྒྲོན་མེ།|ccby|openAccess
W1PD181191|གུ་རུའི་རྣམ་ཐར་བཀའ་ཐང་བསྡུས་པ།|ccby|openAccess
W1KG3372|ཆབ་མདོ་བྱམས་པ་གླིང་གི་གདན་རབས།|ccby|openAccess
W1KG3383|དབོན་སྟོད་མཁྱེན་རབ་ཀྱི་རྣམ་ཐར་དང་གསུང་གཅེས་བཏུས།|ccby|openAccess
W1KG3642|འདུལ་བའི་ལག་ལེན་གྱི་ཆོ་ག་དྲི་མ་མེད་པའི་ཕྲེང་བ་སོགས་ཆོས་ཚན་ཁག་ཅིག|ccby|openAccess
W1KG3643|ཚད་མ་རྣམ་ངེས་ཀྱི་འགྲེལ་ཆེན་ལས་མཚན་དོན་ཟུར་དུ་བཀོལ་བ་སོགས་ཆོས་ཚན་ཁག་ཅིག|ccby|openAccess
W1PD181192|ཆོས་འབྱུང་ནོར་བུའི་མེ་ལོང་སོགས།|ccby|openAccess
W1PD181197|སྦས་ཞབས་བྲག་དཀར་གྱི་གནས་ཡིག་དཀར་ཆག་འབྲིང་པོ་ཤིན་ཏུ་གསང་བ།|ccby|openAccess
W1KG3681|གླིང་བཟའ་ཆོས་སྐྱིད་ཀྱི་འདས་ལོག་རྣམ་ཐར|ccby|openAccess
W17680|སྨན་གྱི་ཆོས་འབྱུང|ccby|openAccess
W1KG3713|སློབ་དཔོན་པདྨ་འབྱུང་གནས་ཀྱི་རྣམ་ཐར་མཐོང་བ་དོན་ལྡན|ccby|openAccess
W1KG3714|མི་ལ་རས་པའི་རྣམ་ཐར་དང་གསོལ་འདེབས་དང་མགུར་འབུམ་སོགས།|ccby|openAccess
W1KG3814|བསྒྲགས་པ་གླིང་གྲགས་དང་བོན་རིའི་དཀར་ཆག|ccby|openAccess
W1KG3815|ཀརྨ་པ་སྐུ་འཕྲེང་བཅུ་དྲུག་པ་ཚུན་རིམ་པར་བྱོན་པའི་རྣམ་ཐར་ཕྱོགས་བསྒྲིགས|ccby|openAccess
W1KG3821|རྒྱལ་སྲས་བྱམས་པ་བློ་གྲོས་བཟང་པོ་མཆོག་གི་རྣམ་ཐར་དང་ཉམས་སྣང་སྐོར|ccby|openAccess
W1KG3830|ཆོས་རྗེ་ཀརྨ་པ་སྐུ་འཕྲེང་རིམ་བྱོན་གྱི་རྣམ་ཐར་མདོར་བསྡུས་དཔག་བསམ་ཁྲི་ཤིང|ccby|openAccess
W1KG3868|ངག་དབང་བཟང་པོའི་རྣམ་ཐར་གྱི་ཆ་ཤས་བརྗོད་པ་ཟླ་ཚེས་བདུད་རྩིའི་འཛུམ་རླབས|ccby|openAccess
W1KG3870|བདེ་ཆེན་ཆོས་འཁོར་ཡོངས་འཛིན་ཡེ་ཤེས་གྲུབ་པའི་རྣམ་ཐར|ccby|openAccess
W1KG3877|འཇམ་དཔལ་ཡེ་ཤེས་གྲུབ་པའི་རྣམ་ཐར་རགས་ཙམ་སྐྱབས་མགོན་ཉིད་ཀྱི་གསུང་ངོ་མ|ccby|openAccess
W1KG3930|ལྷ་འབྲང་དགོན་གྱི་ལོ་རྒྱུས་དང་དཔལ་ཆོས་གོང་འོག་གི་གསུང་གཅེས་བཏུས|ccby|openAccess
W1KG3934|རྣམ་ཐར་གཅེས་བཏུས|ccby|openAccess
W1KG3968|རྣལ་འབྱོར་གྱི་དབང་ཕྱུག་བཞད་པ་རྡོ་རྗེའི་རྣམ་པར་ཐར་པ་སོགས་རྣམ་ཐར་ཁག་ཅིག|ccby|openAccess
W1KG3969|བསྟན་བཅོས་ཟ་མ་ཏོག|ccby|openAccess
W1KG4194|རྗེ་བཙུན་ཤེས་རབ་སེངྒེའི་རྟོགས་བརྗོད་སྐལ་བཟང་དད་པའི་འདོད་འཇོ་དཔག་བསམ་ཡོངས་འདུའི་ཁྲི་ཤིང|ccby|openAccess
W1KG4196|འབྲོམ་སྟོན་པའི་སྐྱེས་རབས་བཀའ་གདམས་བུ་ཆོས|ccby|openAccess
W1KG4207|ལུང་དང་རྟོགས་པའི་བདག་ཉིད་ཆེན་པོ་བསོད་ནམས་བློ་གྲོས་ཀྱི་རྣམ་ཐར་དང་མགུར་འབུམ|ccby|openAccess
W1KG4208|ཏཱ་ཡི་སི་ཏུ་པདྨ་དབང་མཆོག་རྒྱལ་པོའི་རྣམ་ཐར་ངོ་མཚར་ནོར་བུའི་ལྗོན་བཟང|ccby|openAccess
W1KG4210|འཇིག་རྟེན་མིག་གྱུར་ལོ་ཆེན་རིན་ཆེན་བཟང་པོའི་རྣམ་ཐར་གསོལ་འདེབས་སོགས་ཆོས་ཚན་ཁག་ཅིག|ccby|openAccess
W1KG4211|ལོཙྪ་བ་ཆེན་པོ་རིན་ཆེན་བཟང་པོའི་རྣམ་ཐར་སོགས་ཆོས་ཚན་ཁག་ཅིག|ccby|openAccess
W1KG4214|རིག་འཛིན་ཀུན་བཟང་རྡོ་རྗེའི་རྣམ་ཐར་སྐལ་ལྡན་སྙིང་གི་མུན་སེལ་རིག་པའི་སྒྲོན་མ|ccby|openAccess
W1KG4215|ཆོས་རྒྱལ་དྲི་མེད་ཀུན་ལྡན་ལེགས་པའི་བློ་གྲོས་ཀྱི་རྟོགས་བརྗོད་བསྔགས་འོས་བསྔགས་པ|ccby|openAccess
W1KG4220|གྲུབ་ཆེན་ཨོ་རྒྱན་པ་རིན་ཆེན་དཔལ་གྱི་གསུང་སྒྲོས་དང་རྣམ་ཐར་སོགས|ccby|openAccess
W1KG4225|དཔལ་ལྡན་མཁྱེན་བརྩེ་འོད་ཟེར་གྱི་རྣམ་ཐར་ཀུན་ཁྱབ་སྙན་པའི་བ་དན|ccby|openAccess
W1KG4245|དཔལ་ལྡན་བླ་མ་ཀུན་དགའ་ཚུལ་ཁྲིམས་དཔལ་བཟང་པོའི་རྣམ་ཐར།|ccby|openAccess
W1KG4246|རྗེ་ངག་དབང་དཔལ་ལྡན་གྲགས་པ་དཔལ་བཟང་པོའི་རྣམ་པར་ཐར་པ་སྐལ་ལྡན་འཇུག་ངོགས|ccby|openAccess
W1KG4247|བླ་མ་བརྒྱུད་པའི་རྣམ་ཐར་ངོ་མཚར་ཟླ་བའི་མེ་ལོང|ccby|openAccess
W1KG4250|འཛམ་ཐང་ཆོས་རྗེ་དགོན་ཆེན་གྱི་གདན་རབས།|ccby|openAccess
W1KG4256|ཇོ་ནང་བསྟན་པའི་བདག་པོ་ངག་དབང་ཡོན་ཏན་བཟང་པོའི་ཕྱི་ཡི་མཛད་འཆིང་གསེར་གྱི་ཕྲེང་བ|ccby|openAccess
W1KG4257|བཀའ་གདམས་གསར་རྙིང་གི་ཆོས་འབྱུང་ཡིད་ཀྱི་མཛེས་རྒྱན།（རྔ་ཡུལ་ཀིརྟི་དགོན་གྱི་གློག་ཀླད་པར་མ།）|ccby|openAccess
W1KG4258|རྗེ་ངག་དབང་བློ་བཟང་འཕྲིན་ལས་ཀྱི་རྣམ་ཐར|ccby|openAccess
W1KG4299|མཁན་རིན་པོ་ཆེ་འཇམ་དཔལ་དོན་བརྒྱུད་ཉི་མའི་མཛད་རྣམ་རགས་བསྡུས་ཙམ་བཀོད་པ|ccby|openAccess
W1KG4301|རྒྱལ་བ་ལོ་རས་པ་གྲགས་པ་དབང་ཕྱུག་མཆོག་གི་རྣམ་ཐར|ccby|openAccess
W1KG4303|རྗེ་བཙུན་མི་ལ་རས་པའི་རྣམ་ཐར་ཐར་པ་དང་ཐམས་ཅད་མཁྱེན་པའི་ལམ་སྟོན།|ccby|openAccess
W1KG4304|ཆོས་འབྱུང་བསྟན་པའི་པདྨ་རྒྱས་པའི་ཉིན་བྱེད|ccby|openAccess
W1KG4475|བཅོམ་ལྡན་འདས་ཐུབ་པའི་དབང་པོའི་རྣམ་པར་ཐར་པ་ལ་བསྟོད་པ་བདུད་དཔུང་ཕྱེ་མར་འཐག་པ།|ccby|openAccess
W1KG4477|སྟོན་པའི་སྐྱེས་རབས|ccby|openAccess
W1KG4519|སྐྱེས་པའི་རབས་ཀྱི་རྒྱུད|ccby|openAccess
W1KG4523|ཁྱབ་འཇུག་གི་འཇུག་པ་བཅུའི་གཏམ་རྒྱུད་དྲི་ཟའི་འཇིག་རྟེན་ཉུལ་བའི་ལམ་ཡིག|ccby|openAccess
W1KG4528|རྒྱ་གར་ནང་པའི་གནས་ཆེན་ཁག་གི་གནས་ཡིག|ccby|openAccess
W1KG4592|རྗེ་གྲུབ་ཐོབ་ཆེན་པོ་ལྕགས་ཟམ་པའི་རྣམ་པར་ཐར་པ་ངོ་མཚར་རྒྱ་མཚོ།|ccby|openAccess
W1KG4781|གྲུབ་མཐའ་ཁག་གི་ཆོས་འབྱུང|ccby|openAccess
W1KG4849|ཆོས་འབྱུང་བསྟན་པའི་སྒྲོན་མེ་རྩོད་ཟློག་སེངྒེའི་ང་རོ|ccby|openAccess
W1KG4852|གཞོན་ནུ་བློ་གྲོས་ཀྱི་རྣམ་ཐར|ccby|openAccess
W1KG4921|ཏཱ་ར་ནཱ་ཐའི་རང་རྣམ་མ་བཅོས་ལྷུག་པའི་རྟོགས་བརྗོད།|ccby|openAccess
W1KG5109|སྟོང་འཁོར་ཟླ་བ་རྒྱལ་མཚན་སྐུ་ཕྲེང་རིམ་བྱོན་གྱི་རྣམ་ཐར|ccby|openAccess
W1KG5132|སྟོང་འཁོར་ཞབས་དྲུང་སྐུ་ཕྲེང་དགུ་པ་བློ་བཟང་ཐུབ་བསྟན་འཇིགས་མེད་ཚུལ་ཁྲིམས་རྒྱ་མཚོའི་རྣམ་ཐར།|ccby|openAccess
W1KG5133|སྟོང་བསྐོར་ཞབས་དྲུང་སྐུ་ཕྲེང་བཅུ་པ་རྗེ་བཙུན་བློ་བཟང་ཐུབ་བསྟན་འཇིགས་མེད་བྱམས་པ་རྒྱ་མཚོ་དཔལ་བཟང་པོའི་རྣམ་ཐར་ལྗོན་པའི་དབང་པོ|ccby|openAccess
W1KG5180|ཇོ་བོ་རྗེ་དཔལ་ལྡན་ཨ་ཏི་ཤའི་རྣམ་ཐར་བཀའ་གདམས་ཕ་ཆོས|ccby|openAccess
W1KG5193|དགེ་སློང་གཙུག་ལག་ཕྲེང་བ་རང་ཉིད་ཀྱི་རྟོགས་པ་བརྗོད་པ་འཁྲུལ་པའི་བཞིན་རས་འཆར་བའི་མེ་ལོང|ccby|openAccess
W1KG5468|རས་ཆུང་རྡོ་རྗེ་གྲགས་པའི་རྣམ་ཐར་རིས་སུ་བྲིས་པ་ལྷ་ཡི་ཆར|ccby|openAccess
W1KG5623|མཁའ་འགྲོ་ཡེ་ཤེས་མཚོ་རྒྱལ་དང་བཻ་རོ་ཙ་ནའི་རྣམ་ཐར་སོགས།|ccby|openAccess
W1KG5774|ཧོར་གྱི་ཆོས་འབྱུང|ccby|openAccess
W1KG5809|རྗེ་བྱ་བཏང་བ་སངས་རྒྱས་རྡོ་རྗེ་དཔལ་བཟང་པོའི་རྣམ་ཐར་སྒྲུབ་བརྒྱུད་བསྟན་པའི་མཛེས་རྒྱན་ཛམྦུ་ཆུ་བོའི་གསེར་གྱི་ཕྲེང་བ|ccby|openAccess
W1KG5812|ཁྱབ་བདག་འཁོར་ལོའི་དབང་ཕྱུག་ངག་དབང་སྐལ་ལྡན་རྒྱ་མཚོའི་རྣམ་ཐར་ཀུན་བཟང་སྤྱོད་ཚུལ་སྣང་བའི་སྒྲོན་མེ|ccby|openAccess
W1KG5818|མཁར་རྡོ་རྗེ་འཆང་གི་རྣམ་ཐར་ངེས་དོན་བསྟན་པའི་མཛེས་རྒྱན|ccby|openAccess
W1KG16463|རྗེ་བཙུན་རྣམ་ཐར་དངོས་གྲུབ་ཆར་འབེབས་སྡེ་བདུན་ལ་འཇུག་པའི་སྒོ་དོན་གཉེར་ཡིད་ཀྱི་མུན་སེལ་གྲུབ་མཐའ་རྒྱ་མཚོར་འཇུག་པའི་གྲུ་རྫིངས་པོད་ལྔ་སྔགས་དང་བཅོས་པའི་མིང་གི་རྣམ་གྲངས་སོགས།|ccby|openAccess
W1KG6008|རྗེ་བཙུན་དམ་པ་ཤེས་རབ་རྒྱ་མཚོའི་རྣམ་ཐར་།|ccby|openAccess
W1KG6042|ནོར་བཟང་རྟོགས་བརྗོད།|ccby|openAccess
W1KG6046|བྱ་མགྲིན་སྔོན་ཟླ་བའི་རྟོགས་བརྗོད།|ccby|openAccess
W1KG6050|གཞོན་ནུ་དྲུག་གི་རྟོགས་བརྗོད།|ccby|openAccess
W1KG6076|འོལ་དགའ་བཞད་པའི་རྡོ་རྗེའི་རང་རྣམ།|ccby|openAccess
W1KG6188|གནས་ཡིག་ཕྱོགས་བསྒྲིགས་རྫོགས་ལྡན་གསར་པའི་འོད་སྣང་།|ccby|openAccess
W1KG6255|འབྲི་གུང་གདན་རབས་གསེར་ཕྲེང་།|ccby|openAccess
W1KG6289|དཔག་བསམ་དབང་པོའི་རྣམ་ཐར།|ccby|openAccess
W1KG6290|དཔག་བསམ་དབང་པོའི་སྐྱེས་རབས་ཀྱི་འཕྲེང་བ།|ccby|openAccess
W1KG6291|རྗེ་བཙུན་མར་པའི་རྣམ་ཐར་གྲུབ་པའི་ངོ་མཚར་བརྗོད་པ། དཔའ་བོ་གཙུག་ལག་ཕྲེང་བའི་རང་རྣམ་འཁྲུལ་པའི་བཞིན་རས་འཆར་བའི་མེ་ལོང་།|ccby|openAccess
W1KG6298|འབྲོང་སྤྲུལ་སྐུ་ཕྲེང་བདུན་པ་ཨོ་རྒྱན་རང་བྱུང་འགྲོ་འདུལ་བདེ་ཆེན་རྡོ་རྗེ་མཆོག་ཁྲི་འཕང་མཐོན་པོར་མངའ་གསོལ་ཇི་ལྟར་ཞུས་སྐོར་གྱི་རྣམ་ཐར་བསྡུས་པ།|ccby|openAccess
W1KG6328|སྐྱབས་རྗེ་སེང་བྲག་རིན་པོ་ཆེ་མཆོག་གི་མཛད་རྣམ་མདོར་བསྡུས།|ccby|openAccess
W1KG8285|དཔལ་སྤྲུལ་མཛད་རྣམ་ཉེར་བསྡུས།|ccby|openAccess
W1KG8537|རྒྱལ་བ་གནས་མདོ་པའི་བླ་བརྒྱུད་དང་དམ་པའི་ཆོས་ཀྱི་བྱུང་བ་མདོར་བསྡུས་དྭངས་ཤེལ་མེ་ལོང་།|ccby|openAccess
W1KG8584|འཇམ་མགོན་ཆོས་ཀྱི་རྒྱལ་པོ་ཙོང་ཁ་པ་ཆེན་པོའི་རྣམ་ཐར།|ccby|openAccess
W1KG870|པཎ་ཆེན་གཞུང་བརྒྱ་པའི་རྣམ་ཐར|ccby|openAccess
W1KG8722|རྗེ་བཙུན་ཏི་ལོ་པ་དང་ནཱ་རོ་པའི་རྣམ་ཐར་རིན་པོ་ཆེ།|ccby|openAccess
W1KG8723|སློབ་དཔོན་དཔའ་བོས་མཛད་པའི་སྐྱེས་རབས་སོ་བཞི་པ།|ccby|openAccess
W1KG8823|དགོངས་གཏེར་བཀའ་ཐང་དང་དེའི་འགྲེལ་པ།|ccby|openAccess
W1KG8913|ཡི་དམ་ཕྱག་ན་རྡོ་རྗེས་གྲུབ་ཆེན་ལས་ཀྱི་རྡོ་རྗེ་ལ་གསུངས་པའི་རྣམ་ཐར་དང་སྙན་བརྒྱུད་ཀྱི་གདམ་པ་རྣམ་ཕྱོགས་གཅིག་ཏུ་སྒྲིག་པ།|ccby|openAccess
W1KG9040|གཏེར་ཆེན་ལས་རབ་གླིང་པའི་རྣམ་ཐར།|ccby|openAccess
W1KG9087|ཚངས་དབྱངས་རྒྱ་མཚོའི་རྣམ་ཐར། ༼ལྷ་ས་པར་མ།༽|ccby|openAccess
W1KG9088|རྒྱལ་བའི་ཡིད་འཛིན་བཟོད་པ་ཆོས་ཀྱི་དབང་ཕྱུག་དང་ཀརྨ་དབང་འཛིན་གྱི་རྣམ་ཐར།|ccby|openAccess
W1KG9090|གཙང་སྨྱོན་ཧེ་རུ་ཀའི་རྣམ་ཐར།|ccby|openAccess
W1KG9121|ཐུགས་རྗེ་ཆེན་པོའི་རྣམ་ཐར་ཕན་ཡོན་གསལ་བྱེད་སྒྲོན་མ།|ccby|openAccess
W1KG9122|མཁན་པོ་ཨ་ཆུང་རིན་པོ་ཆེའི་ཕྱིའི་རྣམ་ཐར།|ccby|openAccess
W1KG9123|འཇམ་དབྱངས་ཆོས་ཀྱི་བློ་གྲོས་ཀྱི་གསང་བའི་རྣམ་ཐར།|ccby|openAccess
W1KG9238|འཇམ་དབྱངས་ཆོས་ཀྱི་བློ་གྲོས་ཀྱི་རྟོགས་བརྗོད་སྒྱུ་མའི་རོལ་རྩེད།|ccby|openAccess
W1KG9245|ས་སྐྱའི་བླ་མ་འགའ་ཡི་རྣམ་ཐར་ཕྱོགས་བསྒྲིགས།|ccby|openAccess
W1KG9248|ལྷོ་འབྲུག་ཕྱོགས་ཀྱི་བླ་མ་འགའི་རྣམ་ཐར།|ccby|openAccess
W1KG9256|གནས་རྙིང་ཆོས་འབྱུང་།|ccby|openAccess
W1KG9259|སྒྲུབ་བརྒྱུད་ཀརྨ་ཀཾ་ཚང་བརྒྱུད་པ་རིན་པོ་ཆེའི་རྣམ་པར་ཐར་པ་རབ་བྱམས་ནོར་བུ་ཟླ་བ་ཆུ་ཤེལ་གྱི་ཕྲེང་བ།༼ཁོལ་ཕྱུང་།༽|ccby|openAccess
W1KG9267|རིག་འཛིན་ཚེ་དབང་ནོར་བུའི་རྣམ་ཐར་ངོ་མཚར་དད་པའི་རོལ་མཚོ།|ccby|openAccess
W1KG9276|དམ་ཅན་བསྟན་སྲུང་རྒྱ་མཚོའི་རྣམ་ཐར།|ccby|openAccess
W1KG9279|གསང་སྔགས་སྔ་འགྱུར་གྱི་བསྟན་འཛིན་སྐྱེས་མཆོག་རིམ་བྱོན་གྱི་རྣམ་ཐར།|ccby|openAccess
W1KG9281|གཏེར་སྟོན་བརྒྱ་རྩའི་རྣམ་ཐར།|ccby|openAccess
W1KG9286|སླེ་ལུང་བཞད་པའི་རྡོ་རྗེའི་རྟོགས་པ་བརྗོད་པ་སྐལ་བཟང་དགའ་སྟོན།|ccby|openAccess
W1KG9287|པདྨ་གླིང་པའི་ལོ་རྒྱུས་སོགས།|ccby|openAccess
W1KG9295|རྙིང་མ་པའི་གཏེར་སྟོན་འགའི་རྣམ་ཐར་མདོར་བསྡུས་ཀྱི་ཟིན་ཐོ།|ccby|openAccess
W1KG9300|རྫོགས་ཆེན་རིག་འཛིན་འཇིགས་མེད་དཔའ་བོའི་རྣམ་ཐར།|ccby|openAccess
W1KG9303|རྒྱལ་རབས་དེབ་ཐེར་དཀར་པོ་སོགས་ལས་ཟུར་ཕྱུང་ལོ་རྒྱུས་ཟིན་ཐོ།|ccby|openAccess
W1KG9305|ཇོ་ནང་ཏཱ་ར་ནཱ་ཐའི་རྣམ་ཐར་གྱི་ཟིན་ཐོ།|ccby|openAccess
W1KG9323|རྒྱ་ནག་ཆོས་འབྱུང་། ༼བྲིས་མ།༽|ccby|openAccess
W1KG9407|ཆོས་འབྱུང་བསྟན་པའི་པདྨ་རྒྱས་པའི་ཉིན་བྱེད། ༼ཤིང་པར།༽|ccby|openAccess
W1KG9413|ལྷོའི་ཆོས་འབྱུང་བསྟན་པ་རིན་པོ་ཆེའི་འཕྲོ་མཐུད་འཇམ་དགོན་སྨོན་མཐའི་འཕྲེང་བ།|ccby|openAccess
W1KG9453|ཞེ་ཆེན་ཆོས་འབྱུང་། ༼དབུ་ཆེན་བྲིས་མ།༽|ccby|openAccess
W1KG9562|ཁ་རག་གཉོས་ཀྱི་གདུང་རབས་ཁྱད་པར་འཕགས་པ་དང་རླངས་ཀྱི་གདུང་བརྒྱུད་སོགས།|ccby|openAccess
W1KG9602|སངས་རྒྱས་བསྟན་རིམ་དང་ཇོ་ནང་མཛད་བརྒྱ།|ccby|openAccess
W1KG9605|རྗེ་ཤཱཀྱ་རིན་ཆེན་གྱི་རྣམ་ཐར་དང་གསུང་ཐོར་བུ།|ccby|openAccess
W1KG9607|རྒྱལ་བ་རྒོད་ཚང་པ་དང་ཆོས་རྒྱལ་གཡུ་སྣ་དོན་གྲུབ། སྲས་གུ་རུ་ཆོས་དབང་སོགས་ཀྱི་རྣམ་ཐར་བཅས་པའི་གསུང་པོད།|ccby|openAccess
W1KG9748|རིག་འཛིན་ཟིལ་གནོན་དབང་རྒྱལ་རྡོ་རྗེའི་རྣམ་ཐར་དང་བཀའ་འབུམ།|ccby|openAccess
W1KG987|མདོ་མཁྱེན་བརྩེ་ཡེ་ཤེས་རྡོ་རྗེའི་གདུང་རྒྱུད་རིམ་བྱོན་གྱི་རྣམ་ཐར་གསལ་བའི་མེ་ལོང|ccby|openAccess
W1KG9991|འབའ་ར་བ་རྒྱལ་མཚན་དཔལ་བཟང་པོའི་རྣམ་ཐར་མགུར་འབུམ་སོགས།|ccby|openAccess
W1KG18139|ལམ་རིམ་བླ་མ་བརྒྱུད་པའི་རྣམ་ཐར།|ccby|openAccess
W1PD105861|སློབ་དཔོན་པདྨ་འབྱུང་གནས་ཀྱི་རྣམ་ཐར་ཡིད་ཀྱི་མུན་སེལ།|ccby|openAccess
W1PD108085|མཁན་པོ་ཨ་ཆུང་རིན་པོ་ཆེའི་ཕྱིའི་རྣམ་ཐར|ccby|openAccess
W1PD108087|རྫོང་སར་མཁན་པདྨ་དམ་ཆོས་ཀྱི་མཛད་རྣམ་མདོར་བསྡུས་དད་གསུམ་ཨུཏྤལ་གསར་པའི་སྙེ་མ།|ccby|openAccess
W1PD44712|སྟག་ལུང་ཐང་པ་བཀྲ་ཤིས་དཔལ་གྱི་རྣམ་ཐར|ccby|openAccess
W1KG11965|རྒྱལ་གཤེན་རྣམ་ཐར།|ccby|openAccess
W1PD76232|ཆོས་རྗེ་འཇིགས་མེད་ཕུན་ཚོགས་ཀྱི་རྣམ་ཐར་བསྡུས་པ་དད་པའི་གསོས་སྨན|ccby|openAccess
W1PD76384|རི་ཁྲོད་བཀྲ་ཤིས་ཆོས་སྡིངས་ཀྱི་གདན་རབས།|ccby|openAccess
W1PD76620|དམུ་དགེ་བསམ་གཏན་གྱི་རང་རྣམ|ccby|openAccess
W1PD83964|རྗེ་བཙུན་མི་ལ་རས་པའི་གསུང་མགུར་མཛོད་ནག་མ།|ccby|openAccess
W1PD83972|གཏེར་སྟོན་བརྒྱ་རྩའི་རྣམ་ཐར|ccby|openAccess
W1PD83973|གུ་རུའི་རྟོགས་བརྗོད་པ་ངོ་མཚར་རྒྱ་མཚོའི་འཇིངས་རྣམ།|ccby|openAccess
W1PD83974|བཀའ་ཐང་དྲི་མ་མེད་པའི་རྒྱན|ccby|openAccess
W1PD83975|བཀའ་ཐང་གསེར་ཕྲེང|ccby|openAccess
W1PD88197|པདྨ་བཀའ་ཐང|ccby|openAccess
W1PD88206|པདྨ་བཀའ་ཐང|ccby|openAccess
W1PD88207|པདྨ་བཀའ་ཐང|ccby|openAccess
W1PD88780|བཀའ་ཐང་སྡེ་ལྔ།（ཞོལ་པར་གསར།）|ccby|openAccess
W1PD88781|བཀའ་ཐང་སྡེ་ལྔ། （ཞོལ་པར་རྙིང་།）|ccby|openAccess
W1PD88783|པདྨ་བཀའ་ཐང|ccby|openAccess
W1PD89340|བཀའ་ཐང་གསེར་ཕྲེང|ccby|openAccess
W1PD89897|པདྨ་བཀའི་ཐང་ཡིག་གའུ་མ|ccby|openAccess
W1PD90154|འགོས་ལོ་གཞོན་ནུ་དཔལ་གྱི་རྣམ་ཐར|ccby|openAccess
W1PD90704|ས་སྐྱའི་ཆོས་འབྱུང་གཅེས་བསྡུས།|ccby|openAccess
W1PD96069|ཆོས་འབྱུང་མཁས་པའི་དགའ་སྟོན།|ccby|openAccess
W1PD96141|རྔ་ཡུལ་འབྲོག་དགེ་ངེས་དོན་བསམ་འགྲུབ་གླིང་གི་ལོ་རྒྱུས|ccby|openAccess
W1PD96348|རྡོ་རིང་པཎྜི་ཏའི་རྣམ་ཐར།|ccby|openAccess
W20000|སྦ་བཞེད|ccby|openAccess
W20029|ཚེ་དབང་རིག་འཛིན་གྱི་རྣམ་ཐར|ccby|openAccess
W20030|མག་སར་པཎྜི་ཏ་སྐུ་ཕྲེང་རིམ་བྱོན་གྱི་རྟོགས་བརྗོད་ཤེལ་དཀར་ཕྲེང་བ།|ccby|openAccess
W20031|ཨ་ཆོས་རིན་པོ་ཆེའི་རྣམ་ཐར་མདོར་བསྡུས|ccby|openAccess
W20105|གླིང་གེ་སར་རྒྱལ་པོའི་རྣམ་ཐར།|ccby|openAccess
W20166|mkhyen brtse's guide to the holy places of central tibet|ccby|openAccess
W20384|ཀུན་མཁྱེན་ཇོ་ནང་པ་ཆེན་པོའི་སྐྱེས་རབས་རྟོགས་བརྗོད|ccby|openAccess
W20428|གུ་བཀྲའི་ཆོས་འབྱུང་།|ccby|openAccess
W20441|ཤངས་པ་བཀའ་བརྒྱུད་བླ་རབས་ཀྱི་རྣམ་ཐར|ccby|openAccess
W20443|ལོ་རས་པའི་རྣམ་ཐར|ccby|openAccess
W20444|བདུད་འཇོམས་ཚང་གི་རང་རྣམ|ccby|openAccess
W20457|སྟོན་པ་ཤཱཀྱ་ཐུབ་པའི་རྣམ་ཐར|ccby|openAccess
W20468|ཀློང་ཆེན་པའི་རྣམ་ཐར|ccby|openAccess
W20499|བཀའ་བརྒྱུད་པའི་སྐྱེས་ཆེན་དམ་པ་རྣམས་ཀྱི་རྣམ་ཐར།|ccby|openAccess
W20528|བདེ་ཆེན་རྡོ་རྗེའི་རྣམ་ཐར|ccby|openAccess
W20530|ཧོར་གྱི་ཆོས་འབྱུང་།|ccby|openAccess
W20531|ཧོར་ཆོས་འབྱུང|ccby|openAccess
W20532|རབ་བརྟན་ཀུན་བཟང་འཕགས་ཀྱི་རྟོགས་བརྗོད་ངོ་མཚར་ཅན|ccby|openAccess
W20533|ཀློང་རྡོལ་བླ་མ་རིན་པོ་ཆེ་ངག་དབང་བློ་བཟང་གི་རྣམ་ཐར་མོས་གུས་རིན་ཆེན་འདྲེན་པའི་ཤིང་རྟ|ccby|openAccess
W20534|བདུད་འཇོམས་གླིང་པའི་རྣམ་ཐར་ཞལ་གསུངས་མ|ccby|openAccess
W20539|གཏེར་སྟོན་བརྒྱ་རྩའི་རྣམ་ཐར|ccby|openAccess
W20540|ཆོས་འབྱུང་ནོར་བུའི་བང་མཛོད|ccby|openAccess
W20812|ངག་དབང་བློ་བཟང་བསྟན་འཛིན་ཚུལ་ཁྲིམས་རྒྱལ་མཚན་གྱི་སྤྱོད་ཚུལ།|ccby|openAccess
W1KG12545|སྐྱོ་ཤས་ཀྱི་གླུ་དབྱངས་སྨོས་པ་སྣ་ཚོགས་པདྨའི་ཕྲེང་བ།|ccby|openAccess
W20827|བདུད་འཇོམས་ཆོས་འབྱུང།|ccby|openAccess
W20828|གནས་ཡིག་ཕྱོགས་བསྒྲིགས|ccby|openAccess
W1KG12124|པདྨ་བཀའ་ཐང་།|ccby|openAccess
W20846|བྱ་ཁྱུང་གདན་རབས|ccby|openAccess
W20880|འཇམ་མགོན་ཀོང་སྤྲུལ་བློ་གྲོས་མཐའ་ཡས་ཀྱི་རང་རྣམ།|ccby|openAccess
W20907|སྒང་སྟེང་སྤྲུལ་སྐུ་བསྟན་འཛིན་ལེགས་པའི་དོན་གྲུབ་དང་མཚམས་བྲག་བླ་མ་ངག་དབང་འབྲུག་པའི་རྣམ་ཐར།|ccby|openAccess
W20916|གུ་བཀྲའི་ཆོས་འབྱུང|ccby|openAccess
W1KG12160|རྗེ་བཙུན་བྱམས་པ་མཐའ་ཡས་དཔལ་བཟང་པོའི་རྣམ་ཐར་དད་གསུམ་པད་ཚལ་རྒྱས་པའི་ཉིན་བྱེད།|ccby|openAccess
W21026|བཀྲ་ཤིས་དཔལ་གྱི་རྣམ་ཐར|ccby|openAccess
W21145|བདེ་མཆོག་སྙན་བརྒྱུད་ཀྱི་རྣམ་ཐར་སྐོར|ccby|openAccess
W21237|བཀའ་བརྒྱུད་གསེར་ཕྲེང|ccby|openAccess
W1KG17214|བཅོ་བརྒྱད་ཁྲི་ཆེན་རིན་པོ་ཆེའི་མཛད་རྣམ་མདོར་བསྡུས།|ccby|openAccess
W21492|ཆོས་འབྱུང་བསྟན་པའི་ཉི་མ|ccby|openAccess
W21523|བཀའ་མ་མདོ་དབང་གི་བླ་མ་བརྒྱུད་པའི་རྣམ་ཐར།|ccby|openAccess
W21555|བཀའ་ཐང་མུན་སེལ་སྒྲོན་མེ|ccby|openAccess
W21558|རྫོགས་ཆེན་རིག་འཛིན་འཇིགས་མེད་དཔའ་བོའི་བཀའ་འབུམ་མཐོང་གྲོལ་ཆེན་མོ|ccby|openAccess
W21587|མི་དབང་རྟོགས་བརྗོད་ཀྱི་སྙིང་དོན་ཚིག་བསྡུས་གཞོན་ནུ་མགུ་བའི་རོལ་དབྱངས|ccby|openAccess
W21597|ཁྱེའུ་བྱ་བཞོན་གྱི་རྣམ་ཐར|ccby|openAccess
W21605|ཇོ་ནང་ཆོས་འབྱུང་དང་རྗེ་ཇོ་ནང་པ་ཆེན་པོའི་རིང་ལུགས།|ccby|openAccess
W21609|དབལ་མང་པཎྜི་ཏའི་རྣམ་ཐར|ccby|openAccess
W21611|དབུས་གཙང་གི་གནས་ཡིག|ccby|openAccess
W21683|གཟུགས་ཀྱི་ཉི་མའི་རྣམ་ཐར།|ccby|openAccess
W21686|གཅུང་དོན་ཡོད་དང་དོན་གྲུབ་ཀྱི་རྣམ་ཐར་དད་པའི་པདྨོ་འཛུམ་པའི་ཉིན་བྱེད།|ccby|openAccess
W21689|འཇམ་དབྱངས་མཁྱེན་བརྩེ་སྐུ་ཕྲེང་གོང་འོག་གི་རྣམ་ཐར|ccby|openAccess
W21690|ཐང་སྟོང་རྒྱལ་པོའི་རྣམ་ཐར|ccby|openAccess
W21693|འཇམ་དབྱངས་བཞད་པའི་རྣམ་ཐར|ccby|openAccess
W21701|ཉག་བླ་པདྨ་བདུད་འདུལ་གྱི་རྣམ་ཐར་དང་མགུར་འབུམ|ccby|openAccess
W21709|དབུས་གཙང་གནས་ཡིག་ངོ་མཚར་ལུན་སྟོན་མེ་ལོང|ccby|openAccess
W21715|རས་ཆུང་རྡོ་རྗེ་གྲགས་པའི་རྣམ་ཐར|ccby|openAccess
W21718|སྒྲ་བསྒྱུར་མར་པ་ལོ་ཙཱའི་རྣམ་པར་ཐར་པ་མཐོང་བ་དོན་ཡོད|ccby|openAccess
W21723|དཔལ་ས་སྐྱ་ཕུན་ཚོགས་ཕོ་བྲང་གི་འཁོན་རིགས་རྒན་པ་འཇིགས་བྲལ་བདག་ཆེན་ངག་དབང་ཀུན་དགའ་བསོད་ནམས་པས་དར་རྒྱུད་མཐོ་དམའ་སྣ་ཚོགས་འདུ་བྱེད|ccby|openAccess
W21724|པཎ་ཆེན་དྲི་མེད་བཤེས་གཉེན་གྱི་རྣམ་ཐར།|ccby|openAccess
W21725|ལམ་རིམ་བླ་བརྒྱུད་ཐུབ་བསྟན་མཛེས་རྒྱན་ལས་སྟོན་པའི་རྣམ་པར་ཐར་པ|ccby|openAccess
W21734|རཏྣ་གླིང་པའི་རྣམ་ཐར་སྐོར|ccby|openAccess
W21747|རྗེ་བཙུན་པྲ་ཛྙཱ་ས་ར་མཆོག་གི་སྲིད་ཞིའི་ལེགས་ཚོགས་འདོད་རྒུར་འཇོ་བའི་མཛད་འཕྲིན་དང་རྡོ་སྦིས་གྲྭ་ཚང་གི་གདན་རབས་དད་གསུམ་ནོར་བུའི་ཆུན་པོ།|ccby|openAccess
W21754|ཁྱབ་བདག་དཔལ་ལྡན་བླ་མ་མགར་ཀློང་འཇམ་དཔལ་ཆོས་ཀྱི་གྲགས་པ་དཔལ་བཟང་པོའི་རྟོགས་པ་མདོ་ཙམ་བརྗོད་པ་གདུང་སེལ་མྱ་ངན་མེད་པའི་འཁྲི་ཤིང|ccby|openAccess
W21847|མདོ་མཁྱེན་བརྩེ་ཡེ་ཤེས་རྡོ་རྗེའི་རྣམ་ཐར|ccby|openAccess
W21859|ཇིང་གེར་རྒྱལ་པོའི་རྟོགས་བརྗོད|ccby|openAccess
W21892|ཇོ་བོ་རྗེ་ལྷ་གཅིག་དཔལ་ལྡན་ཨ་ཏི་ཤས་རྒྱ་གར་དུ་བསྟན་པ་ཇི་ལྟར་སྤེལ་བ་དང་གསེར་གླིང་ལ་ཕེབས་པ་སོགས་ཀྱི་རྣམ་ཐར|ccby|openAccess
W21898|ཡོངས་འཛིན་པཎྜི་ཏ་ཡེ་ཤེས་རྒྱལ་མཚན་གྱི་རྟོགས་བརྗོད|ccby|openAccess
W21911|རྗེ་ཞྭ་དམར་དགེ་འདུན་བསྟན་འཛིན་རྒྱ་མཚོའི་རྣམ་ཐར|ccby|openAccess
W21953|གཏེར་ཆེན་འབར་བའི་རྡོ་རྗེའི་རྣམ་ཐར|ccby|openAccess
W21959|ཞེ་ཆེན་ཆོས་འབྱུང་། ༼ཞེ་ཆེན་དགོན་པའི་པར་མ།༽|ccby|openAccess
W21967|སྙིགས་དུས་བསྟན་པའི་སྒྲོན་མེ་ཁྱབ་བདག་རྡོ་རྗེ་འཆང་མཁན་ཆེན་ཆོས་ཀྱི་རྒྱལ་པོ་མུན་སེལ་རིན་པོ་ཆེའི་རྣམ་ཐར་མཐོང་བ་དོན་ལྡན|ccby|openAccess
W21975|ཤར་རྫ་བ་བཀྲ་ཤིས་རྒྱལ་མཚན་གྱི་རྣམ་ཐར|ccby|openAccess
W21977|རྗེ་ཐར་ཤུལ་དགེ་འདུན་ཆོས་སྐྱོང་རྒྱ་མཚོའི་རྣམ་ཐར|ccby|openAccess
W21992|གསང་བའི་རྣམ་ཐར་རྒྱ་ཅན་མ|ccby|openAccess
W21994|ཆེན་པོ་ཧོར་གྱི་ཡུལ་དུ་དམ་པའི་ཆོས་ཇི་ལྟར་བྱུང་བའི་བཤད་པ་རྒྱལ་བའི་བསྟན་པ་རིན་པོ་ཆེ་གསལ་བར་བྱེད་པའི་སྒྲོན་མེ|ccby|openAccess
W22006|པཎ་ཆེན་སྐུ་ཕྲེང་དགུ་པ་དང་བཅུ་པའི་རྟོགས་བརྗོད་གསེར་དང་དངུལ་གྱི་མེ་ཏོག་གི་ཚིག་འགྲེལ་བརྗོད་དོན་གསལ་བའི་སྒྲོན་མེ|ccby|openAccess
W22018|ཞབས་དཀར་བའི་རྣམ་ཐར་ནོར་བུ་བསམ་འཕེལ་དབང་གི་རྒྱལ་པོ།|ccby|openAccess
W22026|མི་ཉག་མཁས་དབང་ལྔའི་རྣམ་ཐར་།|ccby|openAccess
W22028|རྒོད་ཚང་བ་མགོན་པོ་རྡོ་རྗེའི་རྣམ་ཐར|ccby|openAccess
W22088|མཉམ་མེད་སྒམ་པོ་པའི་རྣམ་ཐར|ccby|openAccess
W22095|རྒྱལ་བ་སྐུ་ཕྲེང་རིམ་བྱོན་གྱི་རྣམ་ཐར་དེབ་ཐེར་ནོར་བུའི་ཕྲེང་བ།|ccby|openAccess
W22098|ཀུན་མཁྱེན་འཇམ་དབྱངས་བཞད་པ་སྐུ་འཕྲེང་གསུམ་པའི་རྣམ་ཐར|ccby|openAccess
W22120|ཆོས་སྐྱབས་དཔལ་བཟང་གི་རྣམ་ཐར|ccby|openAccess
W22121|རིག་འཛིན་ཆེན་པོ་འཕྲིན་ལས་ལྷུན་གྲུབ་རྒྱལ་མཚན་གྱི་རྣམ་ཐར་ཉུང་ངུར་བསྡུས་པ|ccby|openAccess
W22125|ཧོར་ཆོས་རྗེ་སྐུ་འཕྲེང་གོང་མ་རྣམས་ཀྱི་རྣམ་ཐར་མདོར་བསྡུས་འཛམ་བུའི་གསེར་གྱི་སྙེ་མ|ccby|openAccess
W22126|རྒྱ་ནག་རྟོགས་ལྡན་བྱན་ཆུབ་འཕགས་དབང་གི་རྣམ་ཐར་དད་གསུམ་ཆུ་འཕེལ་བའི་ཟླ་གཟོན|ccby|openAccess
W22131|འདས་ལོག་བྱང་ཆུབ་སེངྒེའི་རྣམ་ཐར།|ccby|openAccess
W22134|ས་སྐྱ་པ་ཆེན་པོ་སྔགས་འཆང་ངག་དབང་ཀུན་དགའ་བསོད་ནམས་ཀྱི་རྟོགས་བརྗོད་ངོ་མཚར་རྒྱ་མཚོའི་རྦ་རླབས་ཀྱི་འཕྲོས་གླེང་དད་པའི་ཆུ་རྒྱུན་དང་། དཔལ་ས་སྐྱ་པ་ཆེན་པོ་ངག་དབང་བསོད་ནམས་དབང་ཕྱུག་གི་རྣམ་ཐར་དད་པའི་མེ་ཏོག་བྱིན་རླབས་ཆར་འབེབས།|ccby|openAccess
W22136|ལྷོ་བྲག་གྲོ་བོ་ལུང་གྲུབ་ཐོབ་བློ་བཟང་ལྷ་མཆོག་རིན་པོ་ཆེའི་རྣམ་ཐར|ccby|openAccess
W22140|ཀུན་དགའ་བསྟན་འཛིན་སྐྱེས་རབས་རྣམ་ཐར་སྐུ་ཐོག་གསུམ་པ།|ccby|openAccess
W22142|སྤྱིལ་དཀར་བའི་རྣམ་ཐར།|ccby|openAccess
W22143|སྐུ་བཞིའི་དབང་ཕྱུག་འཇམ་པའི་དབྱངས་པད་དཀར་བསྟན་འཛིན་གྱི་རྟོགས་བརྗོད་ཆ་ཙམ་བརྗོད་པ་སྐལ་བཟང་འདོད་འཇོའི་ཁྲི་ཤིང་།|ccby|openAccess
W22146|སངས་རྒྱས་བསྟན་པའི་ཆོས་འབྱུང་དྲིས་ལན་ནོར་བུའི་བང་མཛོད|ccby|openAccess
W22148|གྲུབ་ཆེན་ཨུ་རྒྱན་པའི་རྣམ་ཐར།|ccby|openAccess
W22170|ཐུའུ་བཀྭན་ཆོས་ཀྱི་ཉི་མའི་རྟོགས་བརྗོད་པདྨ་དཀར་པོ|ccby|openAccess
W22175|གྲུབ་དབང་པདྨ་ལུང་རྟོགས་རྒྱ་མཚོ་མཆོག་གི་རྣམ་ཐར་བྱང་ཆུབ་ལམ་བསྟན|ccby|openAccess
W22181|སྟོན་པའི་རྣམ་ཐར་ཆེན་མོ|ccby|openAccess
W22182|མི་ཕམ་ངག་དབང་སྙན་གྲགས་དཔལ་བཟང་པོའི་རྣམ་པར་ཐར་པ་ངོ་མཚར་རྒྱ་མཚོའི་ཟློས་གར|ccby|openAccess
W22184|རྗེ་བླ་མ་འཇམ་དབྱངས་ཀུན་དགའ་བསྟན་པའི་རྒྱལ་མཚན་གྱི་རྣམ་པར་ཐར་པ་བྱིན་རླབས་རྒྱ་མཚོ་ངོ་མཚར་གཏེར་མཛོད|ccby|openAccess
W22189|ངག་དབང་ཆོས་ཀྱི་རྒྱ་མཚོའི་རང་རྣམ|ccby|openAccess
W22191|འགྲོ་འདུལ་ལས་འཕྲོ་གླིང་པའི་རྣམ་ཐར|ccby|openAccess
W22192|གསུང་འབུམ། ངག་དབང་གྲགས་པ|ccby|openAccess
W22200|བསྟན་པའི་ཉི་མའི་རྣམ་ཐར|ccby|openAccess
W22202|མདོ་ཁམས་པ་ཀརྨ་བསྟན་འཕེལ་རྣམ་ཐར|ccby|openAccess
W22245|འཁྲུལ་ཞིག་ངག་དབང་ཚེ་རིང་གི་རྣམ་ཐར་དང་གསུང་སྐོར།|ccby|openAccess
W22346|པདྨ་བཀའ་ཐང|ccby|openAccess
W22354|རྗེ་ཤིང་བཟའ་པཎྜི་ཏ་སྐུ་འཕྲེང་ལྔ་པ་སྐལ་བཟང་ཆོས་ཀྱི་རྒྱལ་མཚན་གྱི་རྣམ་ཐར|ccby|openAccess
W22356|རྗེ་མི་ཕམ་པའི་རྣམ་ཐར་ཕྱོགས་བསྒྲིགས|ccby|openAccess
W22359|མཚོ་ལྷོའི་གསང་ཆེན་རྙིང་མ་བའི་མཁས་གྲུབ་ཡོངས་ཀྱི་མཛད་རྣམ|ccby|openAccess
W22433|བདེ་མཆོག་ཆོས་འབྱུང|ccby|openAccess
W1KG13996|ཤེལ་དཀར་ཆོས་འབྱུང་།|ccby|openAccess
W19684|དགེ་འདུན་ཆོས་འཕེལ་གྱི་ལོ་རྒྱུས|ccby|openAccess
W19811|གཅོད་ཡུལ་ཉོན་མོངས་ཞི་བྱེད་ཀྱི་བཀའ་གཏེར་བླ་མ་བརྒྱུད་པའི་རྣམ་ཐར་བྱིན་རླབས་གཏེར་མཚོ།|ccby|openAccess
W1CZ1058|མཁས་གྲུབ་བཟང་པོ་དཔལ་གྱི་རྣམ་ཐར་ཚིགས་སུ་གཅད་པ|ccby|openAccess
W1CZ1867|བསོད་ནམས་མཆོག་གྲུབ་དཔལ་བཟང་པོའི་རྣམ་ཐར་ཡིད་བཞིན་ནོར་བུ|ccby|openAccess
W1CZ1886|ཀརྨ་པ་ཆོས་དབྱིངས་རྡོ་རྗེའི་རྣམ་ཐར|ccby|openAccess
W1CZ1887|ནགས་ཀྱི་རིན་ཆེན་གྱི་རྣམ་ཐར|ccby|openAccess
W1CZ1980|འབྲུག་པ་ཀུན་ལེགས་ཀྱི་གསུང་ཐོར་བུ།|ccby|openAccess
W1CZ1983|དུས་འཁོར་ཆོས་འབྱུང་ངོ་མཚར་རྟོགས་བརྗོད|ccby|openAccess
W1CZ1988|མི་ལ་རས་པའི་རྣམ་མགུར|ccby|openAccess
W1CZ1991|ཀློང་གསལ་སྙིང་པོའི་རྣམ་ཐར་མདོར་བསྡུས|ccby|openAccess
W1CZ1992|ཆོས་ཀྱི་རྒྱ་མཚོའི་རྣམ་ཐར་མདོར་བསྡུས་ངོ་མཚར་ཡོངས་འདུས་ལྗོན་བཟང|ccby|openAccess
W1CZ1993|བདུད་འདུལ་རྡོ་རྗེའི་རྣམ་ཐར་གཏེར་འབྱུང་མདོར་བསྡུས་དད་པའི་མཆོད་སྡོང|ccby|openAccess
W1CZ1994|ལྕགས་མདུད་མགོན་པོ་རྣམ་རྒྱལ་གྱི་ལོ་རྒྱུས|ccby|openAccess
W1KG10294|རྒྱ་བོད་མཁས་གྲུབ་རིམ་བྱོན་གྱི་རྣམ་ཐར་ཕྱོགས་བསྒྲིགས།|ccby|openAccess
W986|ལམ་རིམ་བླ་མ་བརྒྱུད་པའི་རྣམ་ཐར།|ccby|openAccess
W1KG2783|མི་ལ་རས་པའི་རྣམ་མགུར|ccby|openAccess
W1KG3173|དཔལ་འབྲུག་པ་རིན་པོ་ཆེ་ངག་དབང་རྣམ་རྒྱལ་གྱི་རྣམ་ཐར་རྒྱ་མཚོའི་སྙིང་པོ་བསྡུས་པ།|ccby|openAccess
W1KG3513|སངས་རྒྱས་ཀྱི་རྣམ་ཐར་བདེ་བར་གཤེགས་པའི་སྤྱོད|ccby|openAccess
W1KG3537|པདྨ་དབང་ཆེན་བསྟན་འཛིན་ཕྲིན་ལས་ཀྱི་རྟོགས་བརྗོད|ccby|openAccess
W1KG3718|བོད་ཀྱི་ཆོས་འབྱུང་མདོར་བསྡུས་དང་ཐེག་པ་ཆེ་ཆུང་གི་རྣམ་དབྱེ|ccby|openAccess
W1KG3869|ལྷ་རྩེ་བ་ཆེན་པོའི་རྣམ་པར་ཐར་པ་རབ་བསྔགས་སྙན་པའི་སྒྲ་དབྱངས་བརྒྱ་པ་དང་དེའི་འཕྲོས་ཅུང་ཟད་གླེང་བ|ccby|openAccess
W1KG3926|ཆོས་འབྱུང་མཁས་པའི་ཡིད་འཕྲོག|ccby|openAccess
W1KG4275|ས་སྐྱ་པ་དང་ས་སྐྱ་པ་མ་ཡིན་པའི་བླ་མ་ཁ་ཤས་ཀྱི་རྣམ་ཐར།|ccby|openAccess
W1KG4276|རྗེ་བཙུན་མི་ལ་རས་པའི་རྣམ་ཐར་དང་མགུར་འབུམ|ccby|openAccess
W1KG4278|དཔལ་ཇོ་ནང་ཆོས་འབྱུང་དང་གདན་རབས་བསྐལ་བཟང་སངས་རྒྱས་དགྱེས་པའི་མཆོད་སྤྲིན|ccby|openAccess
W1KG4295|སེང་བྲག་རིན་པོ་ཆེའི་མཛད་རྣམ་མདོར་བསྡུས|ccby|openAccess
W1KG4305|སྒང་སྟེང་གསང་སྔགས་ཆོས་གླིང་གི་གདན་རབས་ནོར་བུའི་ཕྲེང་བ|ccby|openAccess
W1KG4473|བཀའ་གདམས་གླེགས་བམ|ccby|openAccess
W1KG16609|སངས་རྒྱས་བཅོམ་ལྡན་འདས་ཀྱི་སྐྱེས་རབས་བརྒྱ་པ།|ccby|openAccess
W4CZ30702|ས་སྐྱའི་གདུང་རབས་ཆེན་མོ།|ccby|openAccess
W1KG17057|གྲུབ་ཆེན་བརྒྱད་ཅུ་རྩ་བཞིའི་རྣམ་ཐར་དང་དོན་ཧ་འགྲེལ་པ་དང་བཅས་པ།|ccby|openAccess
W22705|བཀའ་གདམས་གླེགས་བམ།|ccby|openAccess
W22936|སྐྱེས་རབས་བརྒྱ་ལྔ་བཅུ་པ། ༼སྡེ་དགེ་པར་མ།༽|ccby|openAccess
W22982|ཀརྨ་བདུད་འཇོམས་ཞབས་ཀྱི་རྣམ་པར་ཐར་པ་གསལ་བྱེད་ཉིན་བྱེད་ངོ་མཚར་སྣང་བའི་གཏེར་མཛོད|ccby|openAccess
W22720|དཀར་བརྒྱུད་འཕྲིན་ལས་ཤིང་རྟ་ཆེན་པོའི་རྣམ་ཐར་དད་པ་རྒྱ་མཚོའི་གྲུ་རྫིངས།|ccby|openAccess
W23154|དཔལ་ལྡན་བླ་མ་ཐམས་ཅད་མཁྱེན་གཟིགས་ཆེན་པོ་ངག་དབང་འཇིགས་མེད་གྲགས་པའི་རྣམ་པར་ཐར་པ་བྱང་ཆེན་སྤྱོད་པའི་རྒྱ་མཚོར་འཇུག་པའི་གཏམ་སྙན་པའི་ཡན་ལག་འབུམ་ལྡན་རྫོགས་ལྡན་དགའ་ཆར་སྦྱིན་པའི་ཆོས་ཀྱི་སྤྲིན་ཆེན་པོའི་དབྱངས|ccby|openAccess
W23162|ཡེ་ཤེས་དངོས་གྲུབ་ཞབས་ཀྱི་རྟོགས་བརྗོད་བཻཌཱུརྱའི་མཆོད་སྡོང་ངོ་མཚར་འོད་བརྒྱའི་འབྱུང་གནས|ccby|openAccess
W23169|འབྲི་གུང་རིན་ཆེན་ཕུན་ཚོགས་ཀྱི་རྣམ་ཐར།|ccby|openAccess
W23174|ཤར་ཀཿཐོག་པ་བསོད་ནམས་རྒྱལ་མཚན་དཔལ་བཟང་པོའི་རྣམ་པར་ཐར་པ་དྲི་མེད་ཡིད་བཞིན་ནོར་བུའི་ཕྲེང་བ།|ccby|openAccess
W23181|བཀའ་བརྒྱུད་ཡིད་བཞིན་ནོར་བུ་ཡི་འཕྲེང་བ|ccby|openAccess
W23185|ཏྲེ་ཧོར་ཁང་གསར་སྐྱབས་མགོན་བློ་བཟང་ཚུལ་ཁྲིམས་བསྟན་པའི་རྒྱལ་མཚན་དཔལ་བཟང་པོའི་རྣམ་ཐར་དད་པའི་པདམོ་བཞད་པའི་ཉིན་བྱེད|ccby|openAccess
W23191|འདས་ལོག་གསུམ་གྱི་ལོ་རྒྱུས|ccby|openAccess
W23192|ཀརྨ་དབང་འཛིན་དང་གླིང་བཟའ་ཆོས་སྐིད་ཀྱི་འདས་ལོག་རྣམ་ཐར|ccby|openAccess
W23213|བཻ་རོའི་རྣམ་ཐར་འདྲ་འབག་ཆེན་མོ ༼ལེའུ ༣༩༽|ccby|openAccess
W23344|ཐུགས་རྗེ་ཆེན་པོ་བཅུ་གཅིག་ཞལ་གྱི་བླ་མ་བརྒྱུད་པའི་རྣམ་ཐར་ནོར་བུའི་ཕྲེང་བ|ccby|openAccess
W23347|གཏེར་ཆེན་རྡོ་རྗེ་གླིང་པའི་རྣམ་ཐར་དང་ཞལ་གདམས་བཅས།|ccby|openAccess
W23349|རྡོ་རྗེ་གླིང་པའི་ཡབ་ཀྱི་རྣམ་ཐར་དང་རྡོར་གླིང་སློབ་མའི་གསུང་།|ccby|openAccess
W23380|མངའ་བདག་བླ་མའི་རྣམ་ཐར|ccby|openAccess
W23387|ཤཱཀྱ་བསྟན་འཛིན་གྱི་རྣམ་ཐར།|ccby|openAccess
W23432|རྗེ་བཙུན་མི་ལ་རས་པའི་གསུང་མགུར་མཛོད་ནག་མ།|ccby|openAccess
W23435|སྒྲུབ་བརྒྱུད་ཀརྨ་ཀཾ་ཚང་བརྒྱུད་པ་རིན་པོ་ཆེའི་རྣམ་པར་ཐར་པ་རབ་བྱམས་ནོར་བུ་ཟླ་བ་ཆུ་ཤེལ་གྱི་ཕྲེང་བ|ccby|openAccess
W23436|དཀར་བརྒྱུད་གསེར་འཕྲེང་།|ccby|openAccess
W23506|རྣམ་ཐར་གཡུང་དྲུང་གསང་བའི་མཛོད་ཆེན།|ccby|openAccess
W23557|སངས་རྒྱས་གླིང་པའི་རྣམ་ཐར།|ccby|openAccess
W23559|རྡོ་གྲུབ་ཆེན་འཇིགས་མེད་འཕྲིན་ལས་འོད་ཟེར་གྱི་རྣམ་ཐར|ccby|openAccess
W23561|འཕྲིན་ལས་རྒྱ་མཚོའི་གསུང་རྣམ|ccby|openAccess
W23562|རིག་འཛིན་ཀུན་གྲོལ་གྲགས་པའི་རྣམ་ཐར།|ccby|openAccess
W23567|དཔལ་ཨེ་ཝཾ་ཆོས་ལྡན་གྱི་གདན་རབས་དོན་གཉིས་པ་ཁང་གསར་མཁན་ཆེན་ངག་དབང་མཁྱེན་བརྩེ་ཐུབ་བསྟན་སྙིང་པོའི་རྣམ་པར་ཐར་པ་ངོ་མཚར་ནོར་བུའི་དོ་ཤལ|ccby|openAccess
W23609|ཞེ་ཆེན་དབོན་སྤྲུལ་འགྱུར་མེད་མཐུ་སྟོབས་རྣམ་རྒྱལ་གྱི་རྣམ་ཐར|ccby|openAccess
W23640|གཡུ་ཐོག་གསར་རྙིང་གི་རྣམ་ཐར།|ccby|openAccess
W23642|ཨོ་རྒྱན་པདྨ་འབྱུང་གནས་ཀྱི་སྐྱེས་རབས་ལོ་ཚའི་འགྱུར་བྱང་རྣམ་ཐར་རྒྱས་པར་བཀོད་པ།|ccby|openAccess
W23663|གཅུང་པོ་དོན་ཡོད་དོན་གྲུབ་ཀྱི་རྣམ་ཐར།|ccby|openAccess
W23674|བློ་བཟང་བསྟན་པའི་དབང་ཕྱུག་གི་རྣམ་ཐར་དཔག་བསམ་ལྗོན་ཤིང|ccby|openAccess
W23682|རང་བཞིན་རྫོགས་པ་ཆེན་པོའི་ཆོས་འབྱུང་རིག་འཛིན་བརྒྱུད་པའི་རྣམ་ཐར་ངོ་མཚར་ནོར་བུ་བཻ་ཌཱུརྱའི་ཕྲེང་བ|ccby|openAccess
W1KG13840|རྫ་སྟེང་ཆེན་དགོན་མདོ་སྔགས་བསྟན་རྒྱས་གླིང་གི་བྱུང་བ་བརྗོད་པ་ངོ་མཚར་གསེར་གྱི་གླིང་བུ།|ccby|openAccess
W23708|ཤངས་པ་བཀའ་བརྒྱུད་པའི་རྣམ་ཐར་དང་གསུང་སྐོར།|ccby|openAccess
W23711|པདྨ་བཀའ་ཐང|ccby|openAccess
W23713|རྡོ་རྗེ་གྲགས་ཀྱི་རྣམ་ཐར|ccby|openAccess
W23715|བསྟན་གཉིས་གླིང་པའི་རྣམ་ཐར|ccby|openAccess
W23724|གསུང་ངག་རིན་པོ་ཆེ་ལམ་འབྲས་བླ་མ་བརྒྱུད་པའི་རྣམ་ཐར་ཀུན་འདུས་མེ་ལོང|ccby|openAccess
W23735|ཨུ་རྒྱན་པད་མ་འབྱུང་གནས་ཀྱི་བཀའ་ཆེམས|ccby|openAccess
W23745|ཆོས་འབྱུང་ངོ་མཚར་རྒྱ་མཚོ།|ccby|openAccess
W23748|བཀའ་གདམས་ཆོས་འབྱུང་གསལ་བའི་སྒྲོན་མེ|ccby|openAccess
W23755|ཕ་དམ་པ་སངས་རྒྱས་རྣམ་པར་ཐར་པ་ངོས་སྒྲུབ་འོད་སྟོང་འབར་བའི་ཉི་མ|ccby|openAccess
W23791|བསོད་ནམས་སེངྒེ་འི་རྣམ་ཐར|ccby|openAccess
W23801|སྒམ་པོ་མཆོག་སྤྲུལ་ཨོ་རྒྱན་འགྲོ་འདུལ་གླིང་པའི་རྣམ་ཐར|ccby|openAccess
W23802|གུ་རུ་ཆོས་དབང་གི་རང་རྣམ་དང་ཞལ་གདམས|ccby|openAccess
W23809|གྲུབ་དབང་ཤཱཀྱ་ཤྲཱིའི་རྣམ་ཐར་མེ་ཏོག་ཕྲེང་བ།|ccby|openAccess
W23811|པདྨ་འཕྲིན་ལས་ཀྱི་རང་ཉིད་ཀྱི་རྟོགས་བརྗོད་རབ་དཀར་ཤེལ་གྱི་མེ་ལོང|ccby|openAccess
W23822|འཇའ་ཚོན་སྙིང་པོའི་རང་རྣམ|ccby|openAccess
W23827|ཆོས་རྒྱལ་རྡོ་རྗེའི་རང་རྣམ|ccby|openAccess
W23830|ཞལ་སྔ་བཀའ་བརྒྱུད་ཀྱི་ཐུན་མོང་མ་ཡིན་པའི་ཆོས་འབྱུང|ccby|openAccess
W23842|བཀའ་ཐང་དྲི་མ་མེད་པའི་རྒྱན|ccby|openAccess
W23846|རྗེ་བཙུན་མི་འགྱུར་དཔལ་གྱི་སྒྲོན་མའི་རྣམ་ཐར་དད་པའི་གདུང་སེལ|ccby|openAccess
W23861|རྭ་ལུང་གསེར་འཕྲེང|ccby|openAccess
W23862|ཞུ་ཆེན་གྱི་རང་རྣམ|ccby|openAccess
W23865|ཟ་ཧོར་རྒྱལ་པོའི་སྲས་མོ་ལྷ་ལྕམ་མན་དྷ་ར་ཝའི་རྣམ་པར་ཐར་པ|ccby|openAccess
W23900|བཀའ་གདམས་ཆོས་འབྱུང་སྐོར། ༼འབའ་ཉག་དཔེ་མཛོད་ཁང༽|ccby|openAccess
W23912|རིགས་དང་དཀྱིལ་འཁོར་རྒྱ་མཚོའི་ཁྱབ་བདག་ཧེ་རུ་ཀཿ་དཔལ་ངུར་སྨྲིག་གར་རོལ་སྐྱབས་གཅིག་ཕ་བོང་ཁ་པ་བདེ་ཆེན་སྙིང་པོ་དཔལ་བཟང་པོའི་རྣམ་པར་ཐར་པ་དོན་ལྡན་ཚངས་པའི་དབྱངས་སྙན|ccby|openAccess
W23929|གྲུབ་པའི་དབང་ཕྱུག་ཆེན་པོ་ལྕགས་ཟམ་པ་ཐང་སྟོང་རྒྱལ་པོའི་རྣམ་ཐར་ངོ་མཚར་ཀུན་གསལ་ནོར་བུའི་མེ་ལོང་གསར་པ|ccby|openAccess
W23934|ཆོས་རྒྱལ་མེས་དབོན་རྣམ་གསུམ་གྱི་རྣམ་ཐར་རིན་པོ་ཆེའི་འཕྲེང་བ།|ccby|openAccess
W23935|མཁས་གྲུབ་ཆེན་པོ་བསོད་ནམས་བློ་གྲོས་ཀྱི་རྣམ་པར་ཐར་པ་མཐོང་བ་དོན་ལྡན་དད་པའི་གསལ་འདེབས་དང་གསང་བའི་རྣམ་ཐར་དང་མགུར་འབུམ|ccby|openAccess
W23936|རྗེ་བཙུན་རྡོ་རྗེ་འཆང་ཆེན་པོ་ཀུན་སྤངས་ཆོས་རྗེའི་རྣམ་ཐར་ངོ་མཚར་དད་པའི་སྤུ་ལོང་གཡོ་བ|ccby|openAccess
W23937|ཙོང་ཁ་པ་ཆེན་པོའི་རྣམ་ཐར་ནོར་བུའི་བང་མཛོད་སོགས|ccby|openAccess
W23938|མཁས་པ་ཆེན་པོ་དཔལ་ནགས་ཀྱི་རིན་ཆེན་གྱི་རྣམ་པར་ཐར་པ|ccby|openAccess
W23939|རྟོགས་བརྗོད་དཔག་བསམ་འཁྲི་ཤིང་གི་སྙན་ཚིག་གི་རྒྱན་ལྷུག་པར་བཀྲོལ་བ་མཐོང་བ་དོན་ལྡན|ccby|openAccess
W23940|གྲུབ་ཆེན་ཨོ་རྒྱན་པའི་རྣམ་པར་ཐར་པ་བྱིན་བརླབས་ཀྱི་ཆུ་རྒྱུན།|ccby|openAccess
W23945|པདྨ་འགྲོ་འདུལ་གསང་སྔགས་གླིང་པའི་རྣམ་ཐར|ccby|openAccess
W23949|རྗེ་གྲུབ་པའི་དབང་ཕྱུག་ངག་དབང་བསམ་གཏན་གྱི་རྣམ་པར་ཐར་པ་སྐལ་བཟང་བུང་བ་དགའ་བྱེད་ཨུཏཔལ་དཀར་པོའི་འཁྲི་ཤིང|ccby|openAccess
W23950|རིན་པོ་ཆེ་རྫ་རི་པའི་རྣམ་ཐར|ccby|openAccess
W23951|ཕ་འབྲུག་སྒོམ་ཞིག་པོའི་རྣམ་པར་ཐར་པ་ཐུགས་རྗེའི་ཆུ་རྒྱུན|ccby|openAccess
W23952|འབྲུག་ཟངས་དཀར་གྱི་བླ་མ་བཞད་པ་རྡོ་རྗེ་དང་ཀརྨ་བསྟན་འཛིན། ཀུན་དགའ་ཆོས་ལེགས་གསུམ་གྱི་གསུང་ཕྱོགས་བསྒྲིགས།|ccby|openAccess
W23953|མཁས་གྲུབ་ཆེན་པོ་རྣམ་གྲོལ་བཟང་པོའི་རྣམ་ཐར་དད་པའི་སྤུ་ལོང་གཡོ་བྱེད་ངོ་མཚར་ཅན|ccby|openAccess
W23955|གཏེར་དབོན་རིག་འཛིན་བརྒྱུད་པའི་གདུང་རབས་ལོ་རྒྱུས་ཚངས་པའི་དོ་ཤལ|ccby|openAccess
W23956|རྒྱལ་དབང་ལྔ་པའི་རང་རྣམ་དུ་ཀཱུ་ལའི་གོས་བཟང|ccby|openAccess
W23957|བཻ་ཌཱུར་སེར་པོ།|ccby|openAccess
W23998|གསུང་ཐོར་བུ། འཇམ་དབྱངས་དཔལ་ལྡན་རྒྱ་མཚོ|ccby|openAccess
W24003|རྡོ་རྗེ་ཕུར་པའི་ཆོས་འབྱུང་རྒྱུད་སྡེ་མང་པོའི་གླེང་གཞི་དང་སྦྱར་བ|ccby|openAccess
W24006|ཇོ་བོ་རྗེ་དཔལ་ལྡན་ཨ་ཏི་ཤའི་རྣམ་ཐར|ccby|openAccess
W24007|རྒྱལ་བ་ཀློང་ཆེན་པའི་རྣམ་ཐར|ccby|openAccess
W24012|བྱམས་མགོན་ངག་དབང་རྒྱལ་མཚན་གྱི་རྣམ་ཐར|ccby|openAccess
W24013|པནདི་ཏ་བསྟན་འཛིན་ཆོས་ཀྱི་རྒྱལ་པོའི་རྟོགས་པ་བརྗོད་པ་སྒྱུ་མ་ཆེན་པོའི་གར་སྟབས|ccby|openAccess
W24032|གསང་བདག་དངོས་སྣང་ཧེ་རུ་ཀ་དཔལ་མཐུ་སྟོབས་གླིང་པའི་རྣམ་ཐར་དྲང་སྲོང་དགྱེས་གླུ|ccby|openAccess
W24034|རྗེ་བཙུན་བླ་མ་དམ་པ་འཇམ་དབྱངས་རྒྱལ་མཚན་གྱི་རྣམ་ཐར་མདོར་སྡུས་སྐལ་བཟང་རྣ་རྒྱན|ccby|openAccess
W24040|རྒྱལ་པོ་སིན་དྷ་ར་ཛའི་རྣམ་ཐར|ccby|openAccess
W24045|རྒྱལ་སྲས་མདོ་སྔགས་འབྱུང་གནས་ཀྱི་རྣམ་པར་ཐར་པ་མཐོང་བ་དོན་ལྡན་ནོར་བུའི་ཕྲེང་མཛེས|ccby|openAccess
W24046|རྗེ་གསེར་ཁང་པ་བློ་བཟང་བསྟན་འཛིན་རྒྱ་མཚོའི་རྣམ་ཐར།|ccby|openAccess
W24047|རྒྱལ་ཡུམ་གསང་བ་ཡེ་ཤེས་ལས་འཕྲོས་པའི་ཐེག་པ་སྤྱི་དང་བྱེ་བྲག་གི་ཆོས་འབྱུང་འཁྲུལ་མུན་སེལ་བྱེད་ལུང་རིག་ཉི་མའི་འོད་ཟེར|ccby|openAccess
W24063|མཉམ་མེད་དྭགས་པོ་ལྷ་རྗེའི་རྣམ་ཐར་སྒྲུབ་བརྒྱུད་བསྟན་པའི་མཛེས་རྒྱན|ccby|openAccess
W24075|སངས་རྒྱས་སྐྱེས་རབས་ཀྱི་བསྡུས་དོན|ccby|openAccess
W24120|གཏེར་བདག་གླིང་པའི་རྣམ་ཐར|ccby|openAccess
W24121|རྗེ་བླ་མ་འཁྲུལ་ཞིག་བྱང་ཆུབ་གླིང་པའི་རྣམ་ཐར་སྐལ་བཟང་དགའ་བའི་བདུད་རྩིའི་སྤྲིན་ཚོགས|ccby|openAccess
W24122|གངས་ཏི་སེ་དང་མཚོ་མ་ཕམ་གྱི་གནས་ཡིག་སྐོར|ccby|openAccess
W24125|རྒྱའི་བྱ་བྲལ་ཆོས་ཀྱི་གྲགས་པའི་རང་སྤྱོད་ཚིགས་སུ་སྡེབས་པ་སྤྱི་དོན་དྲུག་པ|ccby|openAccess
W24126|ཀརྨ་ཆོས་འཕེལ་བཟང་པོའི་རྣམ་ཐར་དད་པའི་ཆུ་གཏེར་འཕེལ་བའི་ཟླ་ཟེར|ccby|openAccess
W24127|ཆོས་འབྱུང་དྲིས་ལན་ནོར་བུའི་ཕྲེང་བ|ccby|openAccess
W24168|གཞོན་ནུ་དྲུག་གི་རྟོགས་བརྗོད།|ccby|openAccess
W24188|དཔལ་ལྡན་རིན་ཆེན་སྤུངས་པ་སྒེར་གྱི་གདུང་རབས་ཆེ་ལོང་ཙམ་ཞིག|ccby|openAccess
W24589|དེབ་ཆུང་ཨ་རུ་རའི་དགའ་ཚལ|ccby|openAccess
W24686|སྒྲུབ་བརྒྱུད་ཀརྨ་ཀཾ་ཚང་གི་བརྒྱུད་པ་རིན་པོ་ཆེའི་རྣམ་པར་ཐར་པ་རབ་འབྱམས་ནོར་བུ་ཟླ་བ་ཆུ་ཤེལ་གྱི་ཕྲེང་བ|ccby|openAccess
W1KG14410|བསྟན་པ་སྔ་དར་གྱི་ཆོས་འབྱུང་འབྲེལ་ཡོད་དང་བཅས་པའི་དུས་རབས་ཀྱི་མཐའ་དཔྱོད་འཕྲུལ་གྱི་མེ་ལོང་།|ccby|openAccess
W23422|སྐྱེས་བུ་ཆེན་པོ་ཉི་མ་འབུམ་གསལ་དབང་གི་རྒྱལ་པོའི་རྣམ་ཐར།|ccby|openAccess
W24826|དམ་ཅན་བསྟན་སྲུང་རྒྱ་མཚོའི་རྣམ་ཐར།（མི་རིགས་དཔེ་སྐྲུན་ཁང་།）|ccby|openAccess
W24885|འབྲི་གུང་མཚམས་པ་གྲུབ་ཐོབ་ཨ་མགོན་རིན་པོ་ཆེའི་རྣམ་ཐར|ccby|openAccess
W24889|ཕ་ལྷའི་མི་རྒྱུད་རིམ་པའི་སྲི་ཞུའི་བྱུང་བ་བརྗོད་པ་སྲོང་པོའི་གཏམ|ccby|openAccess
W25088|མཚོ་བསྐོར་ཕན་ཡོན་དང་འབྲེལ་བའི་གཏམ་ཐར་ལམ་མཛུབ་མོའི་རི་སྟོན|ccby|openAccess
W25090|མཚོ་ཆེན་ཁྲི་གཤོག་རྒྱལ་མོའི་མཚོ་བསང་དང་གནས་ཡིག་གནས་བསྟོད་སྣ་ཚོགས|ccby|openAccess
W25097|ཟུར་མཁར་བློ་གྲོས་རྒྱལ་པོའི་གསུང་རྩོམ་གཅེས་བཏུས|ccby|openAccess
W25102|རིགས་ཀུན་འདུས་པའི་བདག་ཉིད་འཁོར་ལོའི་མགོན་པོ་མདོ་ཁམས་བརྒྱད་པ་རིན་པོ་ཆེ་དཔལ་ལྡན་ངག་དབང་མི་ཕམ་...་སྐལ་བཟང་དོན་བརྒྱུད་ཉི་མ་དགེ་ལེགས་ཕྲིན་ལས་ཀུན་ཁྱབ་ཕྱོགས་ལས་རྣམ་པར་རྒྱལ་བའི་སྡེའི་རྣམ་པར་ཐར་པའི་རིམ་པ་མདོ་ཙམ་བརྗོད་པ་ཨུཏ་པ|ccby|openAccess
W25105|འཕགས་མཆོག་ཐུགས་རྗེ་ཆེན་པོའི་སྤྲུལ་པ་ཆོས་རྒྱལ་དྲི་མེད་ཀུན་ལྡན་ལེགས་པའི་བློ་གྲོས་ཀྱི་རྟོགས་བརྗོད་སྔགས་འོས་བསྔགས་པ|ccby|openAccess
W23564|བཀའ་བརྒྱུད་གསེར་འཕྲེང|ccby|openAccess
W1KG12274|ས་སྐྱ་པ་ཆེན་པོ་སྔགས་འཆང་ངག་དབང་ཀུན་དགའ་བཀྲ་ཤིས་ཀྱི་རྟོགས་བརྗོད་རིན་པོ་ཆེ་འདུས་པ་རྒྱ་མཚོ།|ccby|openAccess
W25271|སྤྲུལ་སྐུ་རིག་འཛིན་མཆོག་ལྡན་མགོན་པོའི་རྣམ་ཐར་མགུར་འབུམ་དད་ལྡན་སྤྲོ་བ་བསྐྱེད་བྱེད|ccby|openAccess
W25272|གར་དབང་རྡོ་རྗེའི་རྣམ་ཐར་སྐོར|ccby|openAccess
W25274|སྦས་ཡུལ་འབྲས་མོ་ལྗོངས་ཀྱི་གནས་ཡིག་ཕན་ཡོན་བཅས་པ་ངོ་མཚར་གཏེར་མཛོད|ccby|openAccess
W1KG12302|གུ་རུའི་རྣམ་ཐར་མཁའ་སྤྱོད་དཔའ་བོའི་གླུ་དབྱངས།|ccby|openAccess
W1KG12307|སྐྱེས་རབས་རྣམ་ཐར་བསྡུས་དོན་བྱང་ཆུབ་ལམ་བཟང་།|ccby|openAccess
W1KG12309|ཆོས་སྲུང་སྐྱེས་རབས་དཔལ་ཆེན་རྔམས་པའི་ཆོ་འཕྲུལ།|ccby|openAccess
W1KG13801|སྐྱབས་རྗེ་གྲུབ་དབང་པདྨ་ནོར་བུ་རིན་པོ་ཆེ་མཆོག་གི་རྣམ་ཐར་སྔ་འགྱུར་བསྟན་པའི་མཛེས་རྒྱན།|ccby|openAccess
W25570|དུས་འཁོར་ཆོས་འབྱུང་ལེགས་བཤད་ངོ་མཚར་དད་པའི་ཤིང་རྟ|ccby|openAccess
W25571|བསོད་ནམས་བརྟན་པའི་རྣམ་ཐར|ccby|openAccess
W25573|ཚོགས་སྒོམ་རིན་པོ་ཆེའི་རྣམ་ཐར|ccby|openAccess
W25574|བིར་ཝ་པའི་ལོ་རྒྱུས|ccby|openAccess
W25576|བྱམས་པ་ཕུན་ཚོགས་ཀྱི་རྣམ་ཐར|ccby|openAccess
W25583|ཡར་ལུང་ཇོ་བོའི་ཆོས་འབྱུང|ccby|openAccess
W25584|གཡས་རུ་བྱང་པའི་གདུང་རབས|ccby|openAccess
W25586|ཤཱཀྱ་མཆོག་ལྡན་གྱི་རྣམ་ཐར་ཞིབ་མོ་རྣམ་འབྱེད|ccby|openAccess
W25587|བྱང་བདག་རྣམ་རྒྱལ་གྲགས་བཟང་གི་རྣམ་པར་ཐར་པ་རབ་བསྔགས་སྙན་པའི་འབྲུག་སྒྲ|ccby|openAccess
W25588|ཁ་ཆེ་པཎ་ཆེན་གྱི་རྣམ་ཐར་རིན་པོ་ཆེའི་ཕྲེང་བ|ccby|openAccess
W25590|རྗེ་བཙུན་གྲགས་པ་རྒྱལ་མཚན་གྱི་རྣམ་ཐར|ccby|openAccess
W1KG12370|རྒྱ་བོད་ཀྱི་ཆོས་འབྱུང་རིན་པོ་ཆེ།|ccby|openAccess
W25646|མདོ་ཆེན་བརྒྱུད་པའི་ལོ་རྒྱུས་ཉུང་ངུའི་ངག་གི་བརྗོད་པ་པདྨ་ཀ་རའི་ཕྲེང་བ|ccby|openAccess
W1KG12668|གཟུགས་ཀྱི་ཉི་མའི་རྣམ་ཐར། ༼ཀ་སྦུག་པར་མ།༽|ccby|openAccess
W23800|རྭ་ལོ་དང་ཐར་པའི་རྒྱལ་མཚན་གྱི་རྣམ་ཐར|ccby|openAccess
W1KG12420|ལཱ་མོ་ཚ་ཀན་ནོ་མོན་ཧན་ཧོ་ཐོག་ཐུ་ཚང་གི་རྣམ་པར་ཐར་པ།|ccby|openAccess
W23810|སྔགས་འཆང་ཆེན་མོ་ཀུན་དགའ་རིན་ཆེན་གྱི་རྣམ་ཐར|ccby|openAccess
W26009|བཀའ་གདམས་ཆོས་འབྱུང་གསལ་བའི་སྒྲོན་མེ|ccby|openAccess
W26039|བདག་འདྲ་ཐེག་གླིང་འགྲོ་དོན་མཐར་ཕྱིན་ནམ་ཨོ་རྒྱན་དྲི་མེད་གླིང་པ་གར་དབང་བདུད་འདུལ་ལས་རབ་རྩལ་དུ་འབོད་པའི་རྣམ་ཐར་མགུར་འབུམ་དོན་གྱི་མེ་ལོང་ཚངས་པའི་སྒྲ་དབྱངས།|ccby|openAccess
W1PD153537|བོད་ཀྱི་ལོ་རྒྱུས་རྣམ་ཐར་ཕྱོགས་བསྒྲིགས།（༣༡－༦༠）|ccby|openAccess
W26096|དམ་པ་བདེ་གཤེགས་ཀྱི་རྣམ་ཐར་བསྡུས་པ་གྲུབ་མཆོག་རྗེས་དྲན|ccby|openAccess
W26097|རྒྱལ་དབང་ལྔ་པ་ཆེན་པོའི་རྣམ་ཐར་དོན་བསྡུས་རབ་སྙན་གཞན་གསོས་ཀྱི་གླུ|ccby|openAccess
W26098|རིགས་དང་དཀྱིལ་འཁོར་ཀུན་གྱི་ཁྱབ་བདག་དཔལ་ལྡན་བླ་མ་དམ་པ་ཁྲི་ཆེན་བློ་བཟང་ཡེ་ཤེས་བསྟན་པ་རབ་རྒྱས་དཔལ་བཟང་པོའི་འཁྲུངས་རབས་དང་རྣམ་པར་ཐར་པ་ངོ་མཚར་ནོར་བུའི་ཕྲེང་བ་ཐར་འདོད་མཁས་པའི་མགུལ་རྒྱན|ccby|openAccess
W2625|སྐལ་བཟང་རྒྱ་མཚོའི་རྣམ་ཐར|ccby|openAccess
W26450|གྲུབ་དབང་རིག་འཛིན་རྒྱལ་པོའི་ཕྱི་ནང་གསང་བ་ངེས་དོན་གྱི་རྣམ་ཐར།|ccby|openAccess
W26455|བུ་སྟོན་རིན་ཆེན་གྲུབ་ཀྱི་རྣམ་ཐར|ccby|openAccess
W26456|བུ་སྟོན་རིན་ཆེན་གྲུབ་ཀྱི་རྣམ་ཐར|ccby|openAccess
W26457|བུ་སྟོན་རིན་ཆེན་གྲུབ་ཀྱི་རྣམ་ཐར|ccby|openAccess
W1KG13022|དེབ་སྔོན་གསར་མ།|ccby|openAccess
W1KG13108|དེབ་ཐེར་ལྗང་གུ།|ccby|openAccess
W26570|ཀརྨ་པ་ཆོས་དབྱིངས་རྡོ་རྗེའི་རྣམ་ཐར|ccby|openAccess
W26572|ཇོ་བོ་རྗེའི་རྣམ་ཐར་དོན་བསྡུ་སོགས|ccby|openAccess
W26573|ཙོང་ཁ་པའི་རྟོགས་བརྗོད|ccby|openAccess
W1KG13782|རེ་སྐོང་ཆོས་འབྱུང་ས་ཡི་ལྷ་མོ།|ccby|openAccess
W1KG13790|རྒྱལ་སྲས་བསྟན་འཛིན་རབ་རྒྱས་ཀྱི་རྣམ་ཐར།|ccby|openAccess
W1KG13792|རྡོ་རིང་པཎྜི་ཏ་བསྟན་འཛིན་དཔལ་འབྱོར་ལགས་ཀྱི་སྐུ་ཚེའི་ལོ་རྒྱུས་དང་། གཞས་ཚིག་ཕྱོགས་བསྡུས་དགའ་བའི་གླུ་དབྱངས།|ccby|openAccess
W26615|ཆོས་རྗེ་དཔལ་གྱི་རྣམ་ཐར|ccby|openAccess
W26616|ས་ལོ་འཇམ་དཔལ་རྡོ་རྗེའི་རྣམ་ཐར|ccby|openAccess
W26618|འགོས་ལོ་ཙཱ་བའི་རྣམ་ཐར|ccby|openAccess
W26621|བྱམས་པ་གླིང་པའི་རྣམ་པར་ཐར་པ་ངོ་མཚར་ཕྲེང་བ|ccby|openAccess
W26622|ཞྭ་ལུ་ལོ་ཙཱ་བའི་རྣམ་ཐར|ccby|openAccess
W26623|མཆིམས་ནམ་མཁའ་གྲགས་ཀྱི་རྣམ་ཐར|ccby|openAccess
W26629|གདན་ས་ཆེན་པོ་དར་རྒྱས་བྱམས་ཆེན་ཆོས་འཁོར་གླིང་གི་གདན་རབས་ནོར་བུའི་བང་མཛོད།|ccby|openAccess
W26676|བླ་མ་དམ་པ་ཆོས་ཀྱི་དཔལ་གྱི་རྣམ་པར་ཐར་པ་ཡིད་ཀྱི་མུན་སེལ|ccby|openAccess
W1KG13815|རྣམ་གླིང་གསེར་གྱི་ལྷ་ཁང་།|ccby|openAccess
W1KG13822|རྗེ་གྲུབ་ཐོབ་ཆེན་པོ་ཀརྨ་པཀྴིའི་རྣམ་པར་ཐར་པ།|ccby|openAccess
W1KG13811|གོ་རམས་པ་བསོད་ནམས་སེངྒེ་དཔལ་བཟང་པོའི་རྣམ་ཐར་མཁས་ཀུན་དགའ་བའི་མཛེས་རྒྱན།|ccby|openAccess
W1KG13810|ཆོས་འབྱུང་དྲིས་ལན་བརྒྱ་པ་ལེགས་བཤད་སྙིང་བསྡུས།|ccby|openAccess
W27022|དཔལ་ཡུལ་རྣམ་རྒྱལ་བྱང་ཆུབ་ཆོས་གླིང|ccby|openAccess
W27024|མྱང་ཡུལ་སྟོད་སྨད་བར་གསུམ་གྱི་ངོ་མཚར་གཏམ་གྱི་ལེགས་བཤད་མཁས་པའི་འཇུག་ངོགས|ccby|openAccess
W27212|ངག་དབང་ཚུལ་ཁྲིམས་དཔལ་བཟང་པོའི་སྐྱེས་རབས་རྣམ་ཐར་དད་པའི་སྒོ་འབྱེད|ccby|openAccess
W27214|ཆོས་འབྱུང་ངོ་མཚར་རྒྱ་མཚོ ༼སྔགས་འཕེལ་དགོན་པར་མ༽|ccby|openAccess
W27302|ལྷོ་རོང་ཆོས་འབྱུང|ccby|openAccess
W27306|ཡབ་རྗེ་བླ་མ་སྐལ་ལྡན་རྒྱ་མཚོའི་གསུང་འབུམ།|ccby|openAccess
W27309|ས་སྐྱའི་གདུང་རབས་ངོ་མཚར་བང་མཛོད་ཀྱི་ཁ་སྐོང|ccby|openAccess
W27310|ས་སྐྱའི་གདུང་རབས་ངོ་མཚར་རིན་ཆེན་ཀུན་འཕེལ|ccby|openAccess
W27316|པན་ཆེན་བློ་བཟང་ཆོས་རྒྱལ་གྱི་རྣམ་ཐར|ccby|openAccess
W27318|རྡོ་རྗེ་འཆང་དྲག་ཤུལ་ཕྲིན་ལས་རིན་ཆེན་གྱི་རྟོགས་བརྗོད|ccby|openAccess
W27319|ཀརྨ་པཀྴིའི་རང་རྣམ་དང་སྤྱི་ལན་རིང་མོ།|ccby|openAccess
W27321|དུས་འཁོར་ཇོ་ནང་ལུགས་ཀྱི་བླ་མ་བརྒྱུད་པའི་རྣམ་ཐར|ccby|openAccess
W27325|དཔལ་བསམ་ཡས་གཙུག་ལག་ཁང་གི་གནས་ཡིག་རགས་བསྡུས།|ccby|openAccess
W27401|སྔ་འགྱུར་རྫོགས་ཆེན་ཆོས་འབྱུང་ཆེན་མོ|ccby|openAccess
W27405|ཀུན་མཁྱེན་ཚུལ་ཁྲིམས་རྒྱལ་མཚན་དཔལ་བཟང་པོའི་རྣམ་པར་ཐར་པ་དད་པའི་འོད་ཟེར་ཕྱོགས་བཅུར་འཕྲོ་བ|ccby|openAccess
W27406|རིན་ཆེན་ཤཱཀྱ་དཔལ་གྱི་རྣམ་པར་ཐར་པ་ངོ་མཚར་གྱི་སྙེ་མ|ccby|openAccess
W27407|རྗེ་བཙུན་ཞ་ལུ་ལོ་ཙཱ་བའི་རྣམ་པར་ཐར་པ་བརྗེད་བྱང་ནོར་བུའི་ཁྲི་ཤིང|ccby|openAccess
W27416|ཁྲི་ཚོགས་ཚུལ་ཁྲིམས་རྣམ་པར་དག་པའི་གླིང་གི་མཁན་བརྒྱུད་རྣམ་ཐར་དད་པའི་རྒྱན་མཆོག|ccby|openAccess
W27482|བསྟན་པ་འཛིན་པའི་སྐྱེས་བུ་ཐམས་ཅད་ཀྱི་རྣམ་པར་ཐར་པ་ལ་གུས་ཤིང་རྗེས་སུ་འཇུག་པའི་རྟོགས་བརྗོད་ཕ་རོལ་ཏུ་ཕྱིན་པ་དང་གཟུངས་དང་ཏིང་ངེ་འཛིན་གྱི་སྒོ་མང་པོ་རིམ་པར་ཕྱེ་བའི་གཏམ|ccby|openAccess
W27484|ནུབ་རི་དང་སྐུ་ཐང་གི་བླ་མའི་རྣམ་ཐར|ccby|openAccess
W27502|ཉག་བླ་པདྨ་བདུད་འདུལ་རྣམ་ཐར་དང་མགུར་འབུམ|ccby|openAccess
W27509|རྔོག་ལོ་ཙཱ་བ་བློ་ལྡན་ཤེས་རབ་ཀྱི་རྣམ་ཐར|ccby|openAccess
W27520|འདས་ལོག་ལྷ་མོ་ལྷམ་གཅུང་གི་རྣམ་ཐར་དམྱལ་བ་འགྲིམ་པའི་ལོ་རྒྱུས|ccby|openAccess
W27524|དབུས་གཙང་གནས་ཡིག|ccby|openAccess
W27596|རྒྱལ་དབང་དཔལ་ཡུལ་བའི་གདན་རབས་ངོ་མཚར་འཆི་མེད་ཡོངས་འདུའི་ལྗོན་པའི་ཕྲེང་བ|ccby|openAccess
W27597|ཨོ་རྒྱན་གུ་རུ་པདྨ་འབྱུང་གནས་ཀྱི་རྣམ་ཐར་བསྡུས་པ་དོན་ལྡན་དང་འབྲེལ་བའི་སྙིང་པོ་རྡོ་རྗེའི་སྒྲ་དབྱངས་ཀྱི་ཕྲེང་བ|ccby|openAccess
W27600|བཀའ་བརྒྱུད་ཀྱི་རྣམ་ཐར་ཆེན་མོ་རིན་པོ་ཆེའི་གཏེར་མཛོད་དགོས་འདོད་འབྱུང་གནས|ccby|openAccess
W27603|སྤྲུལ་སྐུ་རིག་འཛིན་རྒོད་ལྡེམ་འཕྲུ་ཅན་གྱི་རྣམ་ཐར་གསལ་བྱེད་ཉི་མའི་འོད་ཟེར|ccby|openAccess
W27604|འདས་ལོག་འདན་མ་སེངྒེ་འི་མིང་མཐའ་བཅོམ་ལྡན་མཁའ་སྤྱོད་མཁས་གྲུབ་ཆོས་སྐུ་དྲུང་ཆེན་འདས་སྨྱོན་གྲུབ་ཐོབ་བྱ་བའི་དམྱལ་སྣང་རང་གྲོལ་གཟིགས་པའི་དམྱལ་བའི་དཀར་ཆག་ཉུང་བསྡུས་གསལ་བའི་མེ་ལོང|ccby|openAccess
W27610|གྲུབ་མཐའ་སོ་སོའི་བཞེད་ཚུལ་གཞུང་གསལ་བར་སྟོན་པ་ཆོས་འབྱུང་གྲུབ་མཐའ་ཆེན་པོ་བསྟན་པའི་སྒྲོན་མེ|ccby|openAccess
W27866|བྱང་གཏེར་ལུགས་ཀྱི་རྣམ་ཐར་དང་མང་འོངས་ལུང་བསྟན|ccby|openAccess
W27876|རྡོ་རྗེ་ཉི་མའི་གནས་ཡིག་གསང་བའི་དཀར་ཆག|ccby|openAccess
W27884|འཇིགས་མེད་རྒྱལ་བའི་མྱུ་གུའི་རྣམ་ཐར|ccby|openAccess
W27911|བཀྲ་ཤིས་རྒྱལ་མཚན་གྱི་རྣམ་ཐར་བསྡུས་པ|ccby|openAccess
W27913|རིས་མེད་ཆོས་འབྱུང|ccby|openAccess
W27921|འཇིག་རྟེན་དབང་ཕྱུག་དཔལ་ཀརྨ་པ་ཆེན་པོ་བཅོ་ལྔ་པའི་གསུང་གི་གསང་བ་བསམ་གྱིས་མི་ཁྱབ་པ་ལས་ངོ་མཚར་སྤར་དུ་བཞུགས་པའི་གླེགས་བམ་རྣམས་ཀྱི་དཀར་ཆག་ཆོས་ཚུལ་རྣམ་པར་འབྱེད་པའི་ཟླ་སྣང|ccby|openAccess
W27924|ཇོ་ནང་པའི་ཆོས་འབྱུང་གསལ་བྱེད་ཟླ་བའི་སྒྲོན་མེ|ccby|openAccess
W27927|བསོད་ནམས་རྒྱ་མཚོའི་རྣམ་ཐར་དངོས་གྲུབ་རྒྱ་མཚོའི་ཤིང་རྟ|ccby|openAccess
W27933|བཀའ་ཐང་གསེར་ཕྲེང|ccby|openAccess
W27940|པདྨ་བཀའ་ཐང་ཤེལ་བྲག་མ|ccby|openAccess
W28064|མདོ་སྨད་ཆོས་འབྱུང་།|ccby|openAccess
W28065|ས་སྐྱའི་གདུང་རབས་ངོ་མཚར་བང་མཛོད།|ccby|openAccess
W28259|དགའ་བཞི་བའི་མི་རབས་ཀྱི་བྱུང་བ་བརྗོད་པ་ཟོལ་མེད་གཏམ་གྱི་རོལ་མོ|ccby|openAccess
W2831|ཤུག་གསེབ་རྗེ་བཙུན་སྐུ་ཞབས་ཀྱི་རྣམ་ཐར།|ccby|openAccess
W28723|དཔལ་རྒྱལ་བ་རྩྭ་ཤུལ་དགོན་ནམ་བཀྲ་ཤིས་མདོ་སྔགས་དར་རྒྱས་གླིང་གི་གདན་རབས|ccby|openAccess
W28737|རྗེ་བཙུན་བླ་མ་དམ་པ་ངག་དབང་ཆོས་འཕེལ་བཟང་པོའི་རྣམ་ཐར|ccby|openAccess
W28738|ངོར་ཨེ་ཝཾ་ཆོས་ལྡན་གྱི་ལོ་རྒྱུས་ངོ་མཚར་ནོར་བུའི་ཕྲེང་བ|ccby|openAccess
W28792|ཆོས་འབྱུང་མཁས་པའི་དགའ་སྟོན།|ccby|openAccess
W28801|བོད་སྔ་རབས་པ་གསང་ཆེན་རྙིང་མའི་ཆོས་འབྱུང་ལེགས་བཤད་གསར་པའི་དགའ་སྟོན|ccby|openAccess
W28882|རྗེ་བཙུན་ཏི་ལོ་པའི་རྣམ་མགུར་དང་དཔལ་ནཱ་རོ་པའི་རྣམ་ཐར་བསྡུས་པ|ccby|openAccess
W28883|རྗེ་ཉི་མ་བཀྲ་ཤིས་ཀྱི་རྣམ་མགུར་དང་སྒ་ངག་དབང་ལེགས་པའི་རྣམ་ཐར|ccby|openAccess
W28935|རྗེ་བཙུན་བླ་མ་ཙོང་ཁ་པ་ཆེན་པོའི་ངོ་མཚར་རྨད་དུ་བྱུང་བའི་རྣམ་པར་ཐར་པ་དད་པའི་འཇུག་ངོགས|ccby|openAccess
W28956|ལུང་རྟོགས་རྒྱ་མཚོའི་རྣམ་ཐར|ccby|openAccess
W28960|འགོས་ལོ་གཞོན་ནུ་དཔལ་གྱི་རྣམ་ཐར|ccby|openAccess
W29013|པཎ་ཆེན་སྐུ་ཕྲེང་རིམ་བྱོན་གྱི་མཛད་རྣམ|ccby|openAccess
W29114|དཔལ་ཧེ་རུ་ཀ་ཀུན་བཟང་གང་ཤར་དབང་པོ་འཇིགས་མེད་ཕྱོགས་ལས་རྣམ་པར་རྒྱལ་བའི་རྟོགས་བརྗོད་ནོར་བུ་རིན་པོ་ཆེ་ཡིད་བཞིན་དབང་གི་རྒྱལ་པོ|ccby|openAccess
W29151|བྱང་ཆུབ་སེམས་དཔའི་རྟོགས་པ་བརྗོད་པ་དཔག་བསམ་གྱི་འཁྲི་ཤིང|ccby|openAccess
W29152|འབྲུག་པ་ཀུན་ལེགས་ཀྱི་རང་རྣམ།|ccby|openAccess
W29208|གསེར་ཀོང་རྡོ་རྗེ་འཆང་ཆེན་པོའི་རྣམ་ཐར་སྐལ་བཟང་རེ་སྐོང|ccby|openAccess
W29246|བདེ་ཆེན་འབར་བའི་རྡོ་རྗེའི་སྐུ་ཕྲེང་གཉིས་པ་ཀརྨ་བདེ་ཆེན་དགའ་བའི་ཡེ་ཤེས་ཕྲིན་ལས་ཀུན་ཁྱབ་དཔལ་བཟང་པོའི་རྣམ་པར་ཐར་པ་ཉུང་ཙམ་བརྗོད་པ་སྐྱ་རིང་འཆར་ཀ|ccby|openAccess
W29250|ཆག་ལོ་ཙཱ་བ་ཆོས་རྗེ་དཔལ་བཟང་པོའི་རྣམ་ཐར|ccby|openAccess
W29254|དཔལ་འབྲུག་པ་རིན་པོ་ཆེ་ཞབས་དྲུང་ངག་དབང་རྣམ་རྒྱལ་གྱི་རྣམ་ཐར|ccby|openAccess
W29256|རྗེ་བཙུན་བླ་མ་མཁས་དང་གྲུབ་པའི་དབང་ཕྱུག་ཁྲི་ཆེན་རྒྱལ་མཚན་སེངྒེ་འི་རྣམ་པར་ཐར་པ་ནོར་བུ་ཆུ་ཤེལ་དཀར་པོའི་འཕྲེང་བ|ccby|openAccess
W29257|ཤཱཀྱའི་དགེ་སློང་སུ་མ་ཏི་དྷྭ་ཛ་སིངྷའི་རྟོགས་པ་བརྗོད་པ་ཉིན་མོའི་འོད།|ccby|openAccess
W29259|བདུད་འཇོམས་འཇིགས་བྲལ་ཡེ་ཤེས་རྡོ་རྗེ་འགྲོ་འདུལ་གླིང་པ་རྩལ་གྱི་རྣམ་ཐར་ཡེ་ཤེས་རྡོ་རྗེའི་འོད་ཟེར།|ccby|openAccess
W29262|ཏྲེ་ཧོར་སྐྱོར་དཔོན་རིན་པོ་ཆེའཱི་རྣམ་ཐར་ངོ་མཚར་རིན་ཆེན་དོ་ཤལ|ccby|openAccess
W29278|ཀློང་ཆེན་སྙིང་ཐིག་གི་ལོ་རྒྱུས་གསལ་བའི་མེ་ལོང་།|ccby|openAccess
W29488|མདོ་ཁམས་ཡུལ་དུ་ནང་པའི་གྲུབ་མཐའ་དར་ཚུལ་དང་ལྟ་བའི་རྣམ་གཞག་གསལ་པོར་བརྗོད་པ་མཐོང་བ་དོན་ལྡན།|ccby|openAccess
W29516|ཤར་པའི་ཆོས་འབྱུང་དང་མེས་རབས|ccby|openAccess
W29517|འབྲུག་པ་ཀུན་ལེགས་ཀྱི་རྣམ་ཐར།|ccby|openAccess
W29549|གྲུབ་ཆེན་ཨོ་རྒྱན་པའི་རྣམ་ཐར་ཉུང་ངུ་རྣམ་གསལ།|ccby|openAccess
W29634|སྐྱོབ་པའི་རྣམ་ཐར་ཕྱོགས་བཅུ་དུས་གསུམ་མ|ccby|openAccess
W29637|དྭགས་པོ་དགའ་ལྡན་བཤད་སྒྲུབ་རྣམ་རྒྱལ་གླིང་གི་སྔ་ཕྱིའི་བྱུང་བ་མདོ་ཙམ་བརྗོད་པ།|ccby|openAccess
W29644|བདེ་བའི་རྡོ་རྗེའི་རྣམ་ཐར|ccby|openAccess
W29680|ཁང་སར་བསྟན་པའི་དབང་ཕྱུག་གི་རྣམ་ཐར|ccby|openAccess
W29903|སྐྱེས་རབས|ccby|openAccess
W29905|དམ་ཆོས་པད་དཀར་དང་བསྟན་འཛིན་དོན་འགྲུབ་སོགས་ཀྱི་རྣམ་ཐར།|ccby|openAccess
W2CZ10139|བཀའ་འགྱུར་བ་བློ་བཟང་ཐུབ་བསྟན་གི་ལོ་རྒྱུས་མ་བཅོས་ལྷུག་པར་བཀོད་པ།|ccby|openAccess
W2CZ10141|རྭ་ལོ་ཙ་བའི་རྣམ་ཐར་ཀུན་ཁྱབ་སྙན་པའི་རྔ་སྒྲ།|ccby|openAccess
W2CZ10142|ཀོང་སྤྲུལ་ཡོན་ཏན་རྒྱ་མཚོའི་རྣམ་ཐར།|ccby|openAccess
W2CZ5019|རྫ་དཔལ་སྤྲུལ་གྱི་རྣམ་ཐར་དད་པའི་གསོས་སྨན་བདུད་རྩིའི་བུམ་བཅུད|ccby|openAccess
W2CZ5987|བསྟན་འཛིན་རབ་རྒྱས་ཀྱི་རྣམ་ཐར|ccby|openAccess
W2CZ5988|ངག་དབང་འཇམ་དབྱངས་རྒྱལ་མཚན་གྱི་རྣམ་ཐར|ccby|openAccess
W2CZ5991|སྟག་ཚང་རས་པའི་རྣམ་ཐར་དང་རྡོ་རྗེའི་མགུར|ccby|openAccess
W2CZ6023|འཕྲིན་ལས་རྒྱ་མཚོའི་རྣམ་ཐར|ccby|openAccess
W2CZ6024|འཇའ་ཚོན་སྙིང་པོའི་རང་རྣམ|ccby|openAccess
W2CZ6031|འབྲི་གུང་གདན་རབས་ཆོས་ཀྱི་བྱུང་ཚུལ་གསེར་གྱི་ཕྲེང་བ|ccby|openAccess
W2CZ6035|འབྲི་གུང་པའི་གདན་རབས་མདོར་བསྡུས|ccby|openAccess
W2CZ6231|ཀརྨ་ཆགས་མེད་ཀྱི་རང་རྣམ།|ccby|openAccess
W2CZ6238|རི་བོ་རྩེ་ལྔའི་གནས་ཡིག|ccby|openAccess
W2CZ6243|ངག་དབང་དཔལ་བཟང་གི་རྣམ་ཐར|ccby|openAccess
W2CZ6588|འཇིག་རྟེན་དབང་ཕྱུག་དྲི་མེད་ཀུན་ལྡན་གྱི་ལོ་རྒྱུས|ccby|openAccess
W2CZ6598|རས་ཆུང་རྡོ་རྗེ་གྲགས་པའི་རྣམ་ཐར|ccby|openAccess
W2CZ6602|གཏིང་སྐྱེས་དགོན་པ་བྱང་སྤྲུལ་སྐུའི་འཁྲུངས་རབས་རྣམ་ཐར|ccby|openAccess
W2CZ6604|འཇམ་དབྱངས་ཆོས་ཀྱི་བློ་གྲོས་ཀྱི་རྣམ་ཐར་ཡོངས་འདུད་དགའ་ཚལ|ccby|openAccess
W2CZ6606|རྭ་ལོ་ཙ་བའི་རྣམ་ཐར་ཀུན་ཁྱབ་སྙན་པའི་རྔ་སྒྲ|ccby|openAccess
W2CZ6607|གླིང་ཟ་ཆོས་སྐྱིད་ཀྱི་འདས་ལོག་སྒྲུང་ཡིག|ccby|openAccess
W2CZ6608|ཆོས་དབྱིངས་རང་གྲོལ་གྱི་རྣམ་ཐར་ཐེག་མཆོག་བསྟན་པའི་ཤིང་རྟ|ccby|openAccess
W2CZ6639|རི་རྫོང་ཚུལ་ཁྲིམས་ཉི་མའི་རྣམ་ཐར|ccby|openAccess
W2CZ6640|གྲུབ་དབང་བློ་བཟང་རྒྱ་མཚོའི་རྣམ་ཐར|ccby|openAccess
W2CZ6641|རྒྱལ་སྲས་ཐོགས་མེད་ཀྱི་བཀའ་འབུམ་ཐོར་བུ།|ccby|openAccess
W2CZ6645|སྒ་སྟོན་ངག་དབང་ལེགས་པའི་རྣམ་ཐར|ccby|openAccess
W2CZ6647|གཙང་སྨྱོན་ཧེ་རུ་ཀའི་རྣམ་ཐར་།|ccby|openAccess
W2CZ6650|བཀའ་བཞི་པ་རིག་པའི་སེངྒེའི་རྣམ་ཐར།|ccby|openAccess
W2CZ6653|གཏེར་བདག་གླིང་པའི་གསང་རྣམ|ccby|openAccess
W2CZ6656|གྱང་དམར་ངག་དབང་ཆོས་འཕེལ་གྱི་རང་རྣམ|ccby|openAccess
W2CZ6759|བློ་བཟང་བསྟན་འཛིན་རྒྱ་མཚོའི་རྣམ་ཐར|ccby|openAccess
W2CZ6760|བློ་བཟང་འཇམ་དབྱངས་ཡེ་ཤེས་བསྟན་པའི་རྒྱལ་མཚན་གྱི་རྣམ་ཐར|ccby|openAccess
W2CZ6779|རྒྱན་དྲུག་མཆོག་གཉིས་ཀྱི་རྣམ་ཐར་དང་ལྟ་བ་མདོར་བསྡུས|ccby|openAccess
W2CZ7504|ཙོང་ཁ་པའི་རྣམ་ཐར|ccby|openAccess
W2CZ7505|ཀློང་ཆེན་རབ་འབྱམས་པའི་རྣམ་ཐར|ccby|openAccess
W2CZ7672|རབ་བརྟན་ཀུན་བཟང་འཕགས་ཀྱི་རྣམ་ཐར|ccby|openAccess
W2CZ7692|སངས་རྒྱས་སེངྒེའི་རྣམ་ཐར་མཐོང་བ་དོན་ལྡན་ངོ་མཚར་ནོར་བུའི་ཕྲེང་བ་ཐར་འདོད་ཡིད་འཕྲོག་བློ་གསལ་མགུལ་རྒྱན|ccby|openAccess
W2CZ7697|ལྷོ་རོང་ཆོས་འབྱུང|ccby|openAccess
W2CZ7698|འདུལ་བའི་ཆོས་འབྱུང|ccby|openAccess
W2CZ7699|རྔོག་རབས་གསལ་བའི་མེ་ལོང|ccby|openAccess
W2CZ7701|དགའ་ལྡན་ཤར་རྩེའི་ཆོས་འབྱུང|ccby|openAccess
W2CZ7838|མི་ལ་རས་པའི་རྣམ་ཐར་བྱིན་རླབས་ཀྱི་སྤྲིན་ཕུང|ccby|openAccess
W2CZ7839|ཀརྨ་པ་ཆེན་པོའི་རྣམ་ཐར་བསམ་ཡས་ལྷའི་རྔ་ཆེན|ccby|openAccess
W2CZ7840|རྒོད་ཚང་པའི་རྣམ་ཐར་བཙག་བྲིས་མ|ccby|openAccess
W2CZ7841|བསྐལ་བཟང་རྒྱ་མཚོའི་རྣམ་ཐར|ccby|openAccess
W2CZ7842|རྒྱལ་དབང་ལྔ་པའི་རང་རྣམ་དུ་ཀཱུ་ལའི་གོས་བཟང|ccby|openAccess
W2CZ7844|ཚངས་དབྱངས་རྒྱ་མཚོའི་རྣམ་ཐར|ccby|openAccess
W2CZ7845|ལུང་རྟོགས་རྒྱ་མཚོའི་རྣམ་ཐར|ccby|openAccess
W2CZ7846|ཚུལ་ཁྲིམས་རྒྱ་མཚོའི་རྣམ་ཐར|ccby|openAccess
W2CZ7847|འཇམ་དཔལ་རྒྱ་མཚོའི་རྣམ་ཐར|ccby|openAccess
W2CZ7859|ཐུབ་བསྟན་རྒྱ་མཚོའི་རྣམ་ཐར|ccby|openAccess
W2CZ7861|དགེ་འདུན་གྲུབ་པའི་རྣམ་ཐར|ccby|openAccess
W2CZ7862|རྣམ་ཐར་གསེར་ཕྲེང་།|ccby|openAccess
W2CZ7868|ཟླ་བ་རྒྱལ་མཚན་སྐུ་ཕྲེང་རིམ་བྱོན་གྱི་རྣམ་ཐར|ccby|openAccess
W2CZ7870|ཨོ་རྒྱན་པའི་རྣམ་ཐར་ཚིགས་བཅད་མ།|ccby|openAccess
W2CZ7872|ངག་དབང་བསྟན་འཛིན་ནོར་བུའི་རྣམ་ཐར་འཆི་མེད་བདུད་རྩིའི་རོལ་མཚོ།|ccby|openAccess
W2CZ7877|བདེ་ཆེན་རྡོ་རྗེའི་རྣམ་ཐར་བསམ་གྱི་མི་ཁྱབ་པ་ལས་ས་བོན་ཙམ་སྤེལ་བ།|ccby|openAccess
W2CZ7882|མན་ལུང་པའི་རྣམ་ཐར|ccby|openAccess
W2CZ7888|སྣར་ཐང་གསེར་ཕྲེང|ccby|openAccess
W2CZ7892|ཆོས་ཀྱི་སྒྲོན་མའི་རྣམ་ཐར|ccby|openAccess
W2CZ7894|བྲག་དཀར་རྟ་སོའི་གནས་དང་གདན་རབས་བླ་མ་བརྒྱུད་པའི་ལོ་རྒྱུས་མདོ་ཙམ་བརྗོད་པ་མོས་ལྡན་དད་པའི་གདུང་སེལ་དྲང་སྲོང་དགའ་བའི་དལ་གཏམ|ccby|openAccess
W2CZ7904|གསང་ཕུའི་གདན་རབས་གསལ་བའི་མེ་ལོང|ccby|openAccess
W2CZ7909|བཀའ་འབབ་བདུན་ལྡན་གྱི་བརྒྱུད་པའི་རྣམ་ཐར|ccby|openAccess
W2CZ7913|འཇམ་དབྱངས་མཁྱེན་བརྩེའི་དབང་ཕྱུག་གི་རྣམ་ཐར|ccby|openAccess
W2CZ7925|དཀོན་མཆོག་རྒྱལ་མཚན་གྱི་རྣམ་ཐར་ངོ་མཚར་ཕྲེང་བ|ccby|openAccess
W2CZ7926|བསོད་ནམས་སེངྒེའི་རྣམ་ཐར|ccby|openAccess
W2CZ7927|བྲག་ཕུག་པའི་རྣམ་ཐར|ccby|openAccess
W2CZ7928|བསོད་ནམས་རྒྱལ་མཚན་གྱི་རྣམ་ཐར|ccby|openAccess
W2CZ7930|སང་རྒྱས་དཔལ་གྱི་རྣམ་ཐར|ccby|openAccess
W2CZ7931|ཀུན་དགའ་བཟང་པོའི་རྣམ་ཐར|ccby|openAccess
W2CZ7932|ཀུན་དགའ་རྒྱལ་མཚན་གྱི་རྣམ་ཐར་གསུང་སྒྲོས་མ|ccby|openAccess
W2CZ7933|ངག་དབང་བློ་བཟང་རྒྱ་མཚོའི་རྣམ་ཐར་མཐོང་བ་དོན་ལྡན་མཆོག་ཏུ་དགའ་བའི་སྒྲ་དབྱངས|ccby|openAccess
W2CZ7934|དཔལ་ལྡན་ཚུལ་ཁྲིམས་པའི་རྣམ་པར་ཐར་པ|ccby|openAccess
W2CZ7935|འགྲོ་མགོན་ཆོས་རྒྱལ་འཕགས་པའི་རྣམ་ཐར|ccby|openAccess
W2CZ7936|གྲགས་པ་རྒྱལ་མཚན་གྱི་རྣམ་ཐར་རྣལ་ལམ་མ|ccby|openAccess
W2CZ7937|ཀུན་དགའ་སྙིང་པོའི་རྣམ་ཐར|ccby|openAccess
W2CZ7938|འབྲོག་མི་ལོ་ཙཱ་བའི་རྣམ་ཐར|ccby|openAccess
W2CZ7939|ངག་དབང་བཀྲ་ཤིས་ཀྱི་རྣམ་ཐར་ཟུང་འཇུག་གྲུབ་པའི་རྔ་ཆེན|ccby|openAccess
W2CZ7950|ཀུན་དགའ་བཟང་པོའི་རྣམ་ཐར།|ccby|openAccess
W2CZ7951|ཆོས་ཀྱི་ཤེས་རབ་ཀྱི་རྣམ་ཐར།|ccby|openAccess
W2CZ7952|སྤྱོད་འཆང་དབང་པོའི་རྣམ་ཐར་ངོ་མཚར་སྙན་པའི་སྒྲ་དབྱངས།|ccby|openAccess
W2CZ7957|མི་ཏྲ་ཛྭ་ཀིའི་རྣམ་ཐར།|ccby|openAccess
W2CZ7963|ཡུམ་ཆེན་ལྷ་འཛིན་དབྱངས་ཅན་སྒྲོལ་མའི་རྣམ་ཐར|ccby|openAccess
W2CZ7965|གཟུགས་ཀྱི་ཉི་མའི་རྣམ་ཐར།|ccby|openAccess
W2CZ7970|རོལ་པའི་རྡོ་རྗེའི་རྣམ་ཐར་ཡོན་ཏན་མི་ཟད་པ་རབ་ཏུ་གསལ་བའི་མེ་ལོང|ccby|openAccess
W2CZ7971|དུས་གསུམ་མཁྱེན་པའི་རྣམ་པར་ཐར་པ་དགོས་འདོད་ཀུན་འབྱུང|ccby|openAccess
W2CZ7972|སངས་རྒྱས་རས་ཆེན་གྱི་རྣམ་ཐར་བདུད་རྩིའི་བུམ་བཟང|ccby|openAccess
W2CZ7973|རང་བྱུང་རྡོ་རྗེའི་རྣམ་ཐར་ཚིགས་བཅད་མ|ccby|openAccess
W2CZ7974|ནཱ་རོ་པའི་རྣམ་ཐར་གྲུབ་པའི་རྣ་རྒྱན|ccby|openAccess
W2CZ7975|སྒམ་པོ་པའི་རྣམ་ཐར་ཀུན་ཁྱབ་སྙན་པའི་བ་དན|ccby|openAccess
W2CZ7976|ནང་གི་རྣམ་ཐར་སྙན་བརྒྱུད་ཀྱི་ལྡེ་མིག|ccby|openAccess
W2CZ7977|ནམ་མཁའ་རྒྱལ་མཚན་གྱི་གསང་བའི་རྣམ་ཐར་ལུང་བསྟན་དང་བཅས་པ|ccby|openAccess
W2CZ7978|མར་པའི་རྣམ་ཐར་གསང་བ་མཛོད་ཀྱི་ལྡེ་མིག|ccby|openAccess
W2CZ7987|ཀརྨ་བསྟན་སྐྱོང་དབང་པོའི་རྟོགས་བརྗོད|ccby|openAccess
W2CZ8018|དགེ་འདུན་རྒྱ་མཚོའི་རང་རྣམ།|ccby|openAccess
W2CZ8060|མ་ཧཱ་གུ་རུ། མཁའ་འགྲོ་ཡེ་ཤེས་མཚོ་རྒྱལ། བཻ་རོ་ཙ་ན། རྗེ་བཙུན་མི་ལ་བཅས་ཀྱི་རྣམ་ཐར།|ccby|openAccess
W2CZ8089|རྟག་བརྟན་དགའ་ལྡན་ཕུན་ཚོགས་གླིང་གི་བྱུང་བ|ccby|openAccess
W2DB16418|ནག་ཆུ་རྫོང་གི་དགོན་སྡེ་ཁག་གི་ལོ་རྒྱུས|ccby|openAccess
W2DB16423|མཆོག་སྤྲུལ་འཇམ་དབྱངས་ཆོས་འཕེལ་གྱི་རྣམ་ཐར|ccby|openAccess
W2DB16425|གཉག་སྟོན་པའི་གདུང་རབས་གདན་རབས་སྐལ་བཟང་མཛེས་པའི་རྒྱན་ཕྲེང་ལས་ལེའུ་དགུ་པ་ནས་བཅུ་བཞི་པའི་བརྗོད་བྱ་བཏུས་པ་མཐོང་བ་དོན་ལྡན|ccby|openAccess
W2DB20787|རིག་འཛིན་པདྨ་ཆོས་འཕེལ་གྱི་རྟོགས་བརྗོད་རྣམ་པར་ཐར་པ་དངོས་གནས་གསལ་བར་བསྟན་པ|ccby|openAccess
W2DB20790|བཀའ་བརྒྱུད་ཆོས་འབྱུང་རིན་པོ་ཆེ་སྤུངས་པའི་འོད་སྟོང་འཁྱིལ་བ|ccby|openAccess
W2DB20791|རིག་འཛིན་ཀུན་བཟང་རྡོ་རྗེའི་རྣམ་ཐར་སྐལ་ལྡན་སྙིང་གི་མུན་སེལ་རིག་པའི་སྒྲོན་མ|ccby|openAccess
W2DB20792|པདྨའི་རྒྱལ་ཚབ་གཏེར་ཆེན་ཆོས་ཀྱི་རྒྱལ་པོ་འཛམ་གླིང་རྡོ་རྗེའི་རྣམ་ཐར་རྒྱས་པ་སྐལ་ལྡན་དད་པའི་ཁྲི་ཤིང|ccby|openAccess
W2DB20795|ཟབ་ཁྱད་གཏེར་མའི་ལོ་རྒྱུས་གཏེར་སྟོན་ཆོས་འབྱུང་ནོར་བུའི་འཕྲེང་བ|ccby|openAccess
W2DB25420|ཁལ་ཁ་རྗེ་བཙུན་དམ་པ་སྐུ་ཕྲེང་རིམ་བྱོན་གྱི་རྣམ་ཐར་ཕྱོགས་བསྒྲིགས་ཁ་སྐོང་དང་བཅས་པ།|ccby|openAccess
W2DB25427|མི་དབང་རྟོགས་བརྗོད|ccby|openAccess
W2DB25428|མི་དབང་རྟོགས་བརྗོད|ccby|openAccess
W2DB4539|འོག་མིན་ཨོ་རྒྱན་སྨིན་གྲོལ་གླིང་དགོན་གྱི་ངོ་སྤྲོད་རགས་བསྡུས|ccby|openAccess
W2DB4542|དཔལ་ཞ་ལུའི་གནས་ཡིག|ccby|openAccess
W2DB4547|གནམ་འབྲུག་སེ་བ་བྱང་ཆུབ་ཆོས་གླིང་དགོན་གྱི་ངོ་སྤྲོད་མདོར་བསྡུས|ccby|openAccess
W2DB4548|དཔལ་འབྲུག་པའི་གདན་ས་ཆེན་པོ་ཐུབ་བསྟན་གསང་སྔགས་ཆོས་གླིང་གི་ངོ་སྤྲོད་རགས་བསྡུས|ccby|openAccess
W2DB4584|རྭ་སྒྲེང་དགོན་པའི་ཉམས་བཞེས་ཆོས་སྤྱོད་ཀྱི་བརྗེད་བྱང་ཆེན་མོ|ccby|openAccess
W2DB4600|རྗེ་ཙོང་ཁ་པའི་རྣམ་ཐར་ཆེན་མོ|ccby|openAccess
W2DB4613|ལམ་རིམ་བླ་མ་བརྒྱུད་པའི་རྣམ་ཐར|ccby|openAccess
W2DB5974|རོང་ཆེན་ལྗགས་ནག་པ་ཀི་རྟི་སྐུ་འཕྲེང་རིམ་བྱོན་གྱི་རྣམ་ཐར་ཕྱོགས་བསྒྲིགས|ccby|openAccess
W2DB5977|རྗེ་བཙུན་བླ་མ་ཤཱཀྱ་ཤྲཱི་ཛྙཱ་ནའི་རྣམ་ཐར་།|ccby|openAccess
W2GS1315|ཁྲི་ཆེན་བློ་བཟང་དགེ་ལེགས་དཔལ་བཟང་པོའི་རྣམ་པར་ཐར་པ་དད་པའི་པད་མོའི་འཛུམ་བྱེད་ངོ་མཚར་ཉིན་བྱེད་གསར་པའི་སྣང་བ།|ccby|openAccess
W2GS1316|ཁྲི་ཐོག་དོན་གཅིག་པ་ཁྲི་ཆེན་ཤར་རྩེ་བ་ཡེ་ཤེས་ཐར་འདོད་ཀྱི་རྣམ་ཐར|ccby|openAccess
W1KG9308|རྒྱལ་བ་བདུན་པ་བསྐལ་བཟང་རྒྱ་མཚོའི་རྣམ་ཐར། དཔག་བསམ་སྙེ་མ་ལས་ཁོལ་དུ་ཕྱུང་བ།|ccby|openAccess
W30066|རྗེ་ཀུན་དགའ་ཐུགས་རྗེ་དཔལ་བཟང་པོའི་རྣམ་ཐར|ccby|openAccess
W30067|རྒྱལ་གྱི་ཤྲཱིའམ་རྩིབ་རིའི་གནས་བཤད་དད་གསུམ་འདྲེན་པའི་ཞིང་ས|ccby|openAccess
W30073|ཀུན་དགའ་གྲོལ་མཆོག་གི་ཕྱི་ནང་གསང་གསུམ་གྱི་རྣམ་ཐར|ccby|openAccess
W30085|རྗེ་བླ་མ་སྲིད་ཞིའི་གཙུག་རྒྱན་པཎ་ཆེན་ཐམས་ཅད་མཁྱེན་པ་བློ་བཟང་དཔལ་ལྡན་ཡེ་ཤེས་དཔལ་བཟང་པོའི་ཞལ་སྔ་ནས་ཀྱི་རྣམ་པར་ཐར་པ་ཉི་མའི་འོད་ཟེར|ccby|openAccess
W30090|ཇོ་ནང་ཆོས་འབྱུང་ཟླ་བའི་སྒྲོན་མེ|ccby|openAccess
W30106|གྲུབ་ཆེན་བརྒྱད་ཅུའི་རྣམ་ཐར་དང་ཞལ་ཐང་།|ccby|openAccess
W30113|གབ་པ་མངོན་འབྱུང|ccby|openAccess
W30122|ལྷ་རིགས་ཀྱི་བཙུན་པ་བསྐལ་བཟང་པདྨ་འི་མིང་ཅན་རང་ཉིད་ཀྱི་རྟོགས་པར་བརྗོད་པ|ccby|openAccess
W30123|དཀར་བརྒྱུད་གསེར་འཕྲེང|ccby|openAccess
W30128|སངས་རྒྱས་བཅོམ་ལྡན་འདས་ཀྱི་རྣམ་པར་ཐར་པ་རྨད་དུ་བྱུང་བ་མཛད་པ་འཁྲུལ་བ་མེད་པར་བརྗོད་པ་བདེ་བར་གཤེགས་པའི་སྤྱོད་པ་མཆོག་གི་གཏེར།|ccby|openAccess
W30129|བཀྲ་ཤིས་ལྷུན་པོའི་གསང་སྔགས་རྒྱུད་པ་གྲྭ་ཚང་གི་གདན་རབས|ccby|openAccess
W30131|ཁལ་ཁ་དམ་ཚིག་རྡོ་རྗེ་གྲགས་པ་དཔལ་གྱི་རྣམ་ཐར།|ccby|openAccess
W30132|ས་སྐྱའི་གདུང་རབས་ངོ་མཚར་བང་མཛོད|ccby|openAccess
W30136|གངས་ཅན་བོད་ཀྱི་ཡུལ་དུ་བྱོན་པའི་གསང་སྔགས་གསར་རྙིང་གི་གདན་རབས་མདོར་བསྡུས་ངོ་མཚར་པདྨོའི་དགའ་ཚལ|ccby|openAccess
W30146|གངས་ཤུག་མ་ཎི་ལོ་ཆེན་རིག་འཛིན་ཆོས་ཉིད་བཟང་མོའི་རྣམ་པར་ཐར་པ་རྣམ་མཁྱེན་བདེ་སྟེར|ccby|openAccess
W30147|ཀློང་བརྡོལ་ངག་དབང་བློ་བཟང་དཔལ་བཟང་པོའི་རྣམ་ཐར་མོས་གུས་རིན་ཆེན་འདྲེན་པའི་ཤིང་རྟ་རྒྱལ་སྲས་སྤྱོད་རྒྱན།|ccby|openAccess
W30148|འོད་གསལ་རིན་ཆེན་སྙིང་པོ་པདྨ་ལས་འབྲེལ་རྩལ་གྱི་རྟོགས་བརྗོད་ངོ་མཚར་སྒྱུ་མའི་རོལ་གར|ccby|openAccess
W30150|འབྲུག་པའི་རྗེ་མཁན་པོ་ངག་དབང་ཕྲིན་ལས་དང་། ཤེས་རབ་རྒྱལ་མཚན། ཡོན་ཏན་རྒྱལ་མཚན་གསུམ་གྱི་རྣམ་ཐར།|ccby|openAccess
W30151|ཁལ་ཁ་རྗེ་བཙུན་དམ་པ་སྐུ་ཕྲེང་རིམ་བྱོན་གྱི་རྣམ་ཐར།|ccby|openAccess
W30153|བླ་ཆེན་དགོངས་པ་རབ་གསལ་སོགས་ཀྱི་རྣམ་ཐར་ཁག་གསུམ|ccby|openAccess
W30154|ཚངས་དབྱངས་རྒྱ་མཚོའི་གསང་བའི་རྣམ་ཐར་སོགས།|ccby|openAccess
W30155|བློ་བཟང་ཐུབ་བསྟན་དབང་ཕྱུག་འཇིགས་མེད་རྒྱ་མཚོ་དགེ་ལེགས་རབ་རྒྱས་ཀྱི་རྣམ་ཐར་དད་པའི་པད་ཚལ་བཞད་པའི་ཉི་འོད།|ccby|openAccess
W30156|དུས་གསུམ་རྒྱལ་བ་ཀུན་གྱི་སྤྱི་གཟུགས་བཀའ་དྲིན་གསུམ་ལྡན་རྗེ་བཙུན་བླ་མ་ཐམས་ཅད་མཁྱེན་པ་དྷརྨ་བྷ་དྲ་དཔལ་བཟང་པོའི་རྣམ་པར་ཐར་པ་ཞྭ་སེར་བསྟན་པའི་མཛེས་རྒྱན|ccby|openAccess
W30158|ཁྱབ་བདག་འཁོར་ལོའི་མགོན་པོ་མཁས་གྲུབ་འཇིགས་མེད་ནམ་མཁའི་རྣམ་ཐར་དད་བརྒྱའི་རྨ་བྱ་རྣམ་པར་རྩེ་བ|ccby|openAccess
W30161|ཀརྨ་པ་སྐུ་འཕྲེང་རིམ་བྱོན་གྱི་རྣམ་ཐར་མདོར་བསྡུས|ccby|openAccess
W30164|ངག་དབང་རྣམ་རྒྱལ་གྱི་རྣམ་ཐར་རྒྱས་པ་ཆོས་ཀྱི་སྤྲིན་ཆེན་པོའི་དབྱངས|ccby|openAccess
W30166|དགེ་སློང་ངག་དབང་ལོ་བཟང་ཚུལ་ཁྲིམས་གྱི་སྤྱོད་ཚུལ་དྲང་པོར་བརྗོད་པ་མྱོང་སྣང་འཁྲུལ་པའི་ཟློས་གར་གྱི་ཁ་སྐོང|ccby|openAccess
W30167|གྲུབ་ཐོབ་བརྒྱད་བཅུ་རྩ་བཞིའི་ཆོས་སྐོར|ccby|openAccess
W30168|ཆོས་རྗེ་ཤེས་རབ་འབྱུང་གནས་དང་། སྡེ་སྲིད་བཅུ་པ་མི་ཕམ་དབང་པོའི་རྟོགས་བརྗོད། གྲུབ་དབང་པད་དཀར་ལྷུན་གྲུབ་ཀྱི་གསུང་རང་གཞན་དགེ་བསྐུལ་གྱི་གཏམ་རྣམས་ཕྱོགས་གཅིག་ཏུ་བསྒྲིགས་པ་རྣ་བའི་བཅུད་ལེན།|ccby|openAccess
W30169|མཁན་ཆེན་གཉིས་པ་བསོད་ནམས་འོད་ཟེར་གྱི་རྣམ་ཐར་དང་། བྱང་ཆུབ་སེམས་དཔའ་ཀུན་དགའ་རྒྱལ་མཚན་གྱི་རྟོགས་བརྗོད། ངག་དབང་པད་དཀར་གྱི་རྟོགས་བརྗོད་དྲང་སྲོང་དགྱེས་པའི་གླུ་དབྱངས།|ccby|openAccess
W30170|རིག་འཛིན་འཇའ་ཚོན་སྙིང་པོའི་རྣམ་ཐར་སྤྲུལ་པ་བདུན་སྐོར་དང་ཕྱི་ནང་གསང་བའི་རྣམ་ཐར,་གཏེར་འབྱུང་གི་རིམ་པ,་ཞལ་གདམས,་རྣམ་ཐར་ཉུང་བསྡུས,་ཞལ་ཆེམས་བཅས|ccby|openAccess
W30171|ཡོངས་འཛིན་ཡེ་ཤེས་རྒྱལ་མཚན་གྱི་སྐུ་གསུང་ཐུགས་ཀྱི་རྟོགས་པ་བརྗོད་པ་ཐུབ་བསྟན་པདྨོའི་ཉིན་བྱེད། ༼སྐྱིད་གྲོང་པར་མ།༽|ccby|openAccess
W30267|ངོར་ཆོས་འབྱུང|ccby|openAccess
W30295|རྗེ་བཙུན་བྱམས་པ་མཐུ་སྟོབས་ཀུན་དགའ་རྒྱལ་མཚན་གྱི་རྣམ་ཐར|ccby|openAccess
W30349|ཆོས་གྲྭ་ཆེན་པོ་དཔལ་ཞྭ་ལུ་གསེར་ཁང་གི་བདག་པོ་ཇོ་བོ་ལྕེའི་གདུང་རབས|ccby|openAccess
W30406|གྲུབ་རྗེ་སྐུ་ཕྲེང་རིམ་པར་བྱོན་པའི་རྣམ་པར་ཐར་པ་འདོད་འབྱུང་ནོར་བུའི་ཕྲེང་བ|ccby|openAccess
W30408|ཇོ་ནང་བའི་གདན་རབས་མདོར་བསྡུས་དྲང་སྲོང་རྒན་པོའི་ཞལ་ལུང|ccby|openAccess
W30416|མི་ཉག་འཇམ་དབྱངས་གྲགས་པའི་རང་རྣམ|ccby|openAccess
W30417|རྣམ་ཐར་པདྨའི་ཕྲེང་བ|ccby|openAccess
W30429|ཀུན་མཁྱེན་ངག་གི་དབང་པོའི་རང་རྣམ།|ccby|openAccess
W30432|ཤར་སྐལ་ལྡན་རྒྱ་མཚོའི་སྐྱེས་རབས་རྣམ་ཐར|ccby|openAccess
W30434|དགེ་བའི་བཤེས་གཉེན་ཆེན་པོ་ཤེས་རབ་རྒྱ་མཚོ།|ccby|openAccess
W30448|རྟོགས་བརྗོད་དཔག་བསམ་འཁྲི་ཤིང་གི་རྩ་འགྲེལ|ccby|openAccess
W30466|ཀུན་མཁྱེན་བློ་བཟང་ཡེ་ཤེས་བསྟན་པའི་རྒྱལ་མཚན་དཔལ་བཟང་པོའི་རྣམ་ཐར|ccby|openAccess
W30534|སྙན་རྒྱུད་རྡོ་རྗེའི་ཚིག་རྐང། བདེ་མཆོག་མཁའ་འགྲོའི་སྙན་བརྒྱུད་དང་རྒྱལ་སྲས་མི་ཏྲའི་རྣམ་ཐར།|ccby|openAccess
W30535|རས་ཆུང་རྡོ་རྗེ་གྲགས་པའི་རྣམ་ཐར|ccby|openAccess
W30537|བོན་པོའི་འདས་ལོག་སྐོར|ccby|openAccess
W3087|ཐུབ་བསྟན་རྒྱ་མཚོའི་རྣམ་ཐར|ccby|openAccess
W26072|མ་ཎི་བཀའ་འབུམ་ཆེན་མོ|ccby|openAccess
W26075|རྒྱལ་བ་དགེ་འདུན་རྒྱ་མཚོའི་རྣམ་ཐར|ccby|openAccess
W26076|ཆོས་རྗེ་རིན་པོ་ཆེ་གཙང་པ་རྒྱ་རས་པའི་རྣམ་ཐར་མགུར་འབུམ་དང་བཅས་ཤིན་ཏུ་རྒྱས་པ།|ccby|openAccess
W1EE38|རྗེ་བཙུན་མི་ལ་རས་པའི་རྣམ་ཐར།|ccby|openAccess
W1EE39|རྗེ་ཙོང་ཁ་པའི་རྣམ་ཐར།༼སོག་ཡིག༽|ccby|openAccess
W16488|རིན་ཆེན་སེངྒེའི་རྣམ་ཐར|ccby|openAccess
W1KG12789|པཎ་ཆེན་ཤཱཀྱ་མཆོག་ལྡན་གྱི་གསུང་རབ་པར་དུ་བསྐྲུན་པའི་ཚུལ་ལས་བརྩམས་པའི་གླེང་བ།|ccby|openAccess
W1PD137811|བོད་སོག་ཆོས་འབྱུང་།|ccby|openAccess
W3CZ1323|ཀུན་དགའ་བཟང་པོའི་རྣམ་ཐར།|ccby|openAccess
W26458|རིན་ཆེན་རྣམ་རྒྱལ་གྱི་རྣམ་པར་ཐར་པ་སྙིམ་པའི་མེ་ཏོག་ལས་འཁྲུངས་པ་ངོ་མཚར་ཟེ་འབྲུའི་ནོར་བུ|ccby|openAccess
W26459|འཕགས་པ་ལྷ་འཇིགས་མེད་ཡེ་ཤེས་བསྟན་པའི་མགོན་པོའི་རྣམ་ཐར|ccby|openAccess
W26461|རྔོག་ལོ་ཙཱ་བའི་རྣམ་ཐར|ccby|openAccess
W26462|ཕྱོགས་ལས་རྣམ་རྒྱལ་གྱི་རྣམ་ཐར|ccby|openAccess
W26463|གཡུང་སྟོན་རྡོ་རྗེ་དཔལ་བའི་རང་རྣམ|ccby|openAccess
W26464|ཚལ་པ་དྲུང་ཆེན་སྨོན་ལམ་རྡོ་རྗེའི་རྣམ་ཐར།|ccby|openAccess
W4780|སྐུ་འབུམ་གདན་རབས་དང་དཀར་ཆག|ccby|openAccess
W4CZ1097|འབྲུག་པ་ཀུན་ལེགས་ཀྱི་རྣམ་ཐར་རྒྱ་མཚོའི་སྙིང་པོ་མཐོང་བ་དོན་ལྡན།|ccby|openAccess
W4CZ1098|དགེ་འདུན་རིན་ཆེན་གྱི་རྣམ་ཐར་མཱ་ལི་ཀའི་དོ་ཤལ|ccby|openAccess
W4CZ1247|གཙང་སྨྱོན་ཧེ་རུ་ཀའི་རྣམ་ཐར་རྡོ་རྗེ་ཐེག་པའི་གསལ་བྱེད་ཉི་མའི་སྙིང་པོ།|ccby|openAccess
W4CZ1547|ལོ་ཙཱ་བ་རིན་ཆེན་བཟང་པོའི་རྣམ་ཐར།|ccby|openAccess
W4CZ1687|ཁྲི་ཆེན་བྱང་ཆུབ་ཆོས་འཕེལ་གྱི་རྣམ་ཐར་དགའ་ལྡན་བསྟན་པའི་མཛེས་རྒྱན།|ccby|openAccess
W1KG10037|ཤེལ་དཀར་བཀའ་འགྱུར་བླ་མ་ངག་དབང་བློ་བཟང་བསྟན་འཛིན་ཚུལ་ཁྲིམས་རྒྱལ་མཚན་གྱི་རྣམ་ཐར་གྱི་ཁ་སྐོང་།|ccby|openAccess
W4CZ77|སྟོན་པ་སངས་རྒྱས་ཀྱི་སྐྱེས་རབས་བརྒྱད་བཅུ་པ།|ccby|openAccess
W26741|ཡེ་ཤེས་མཚོ་རྒྱལ་གྱི་རྣམ་ཐར|ccby|openAccess
W1KG10253|འབྲུག་པ་ཀུན་དགའ་ལེགས་པའི་རྣམ་ཐར་དང་ཉམས་མགུར་དང་ཞལ་གདམས་སོགས།|ccby|openAccess
W1KG14680|ཡོན་རྒྱལ་རབས་ཀྱི་ཏི་ཤྲི་འགྲོ་མགོན་འཕགས་པའི་མཛད་རྣམ།|ccby|openAccess
W1KG14679|གུང་ཐང་བསྟན་པའི་སྒྲོན་མེའི་རྣམ་ཐར།|ccby|openAccess
W1KG14682|སྤྲུལ་པའི་གཏེར་སྟོན་རིག་འཛིན་མཁའ་སྤྱོད་རྡོ་རྗེའི་རྣམ་ཐར།|ccby|openAccess
W1KG14689|ཀཿཔདྨ་ཆོས་ལྡན་གྱི་རྣམ་ཐར་དད་གསུམ་དང་བ་འདྲེན་པའི་ཤིང་རྟ།|ccby|openAccess
W1KG14673|ཙཱ་རིའི་གནས་ཡིག་འབར་བ་རྒྱལ་མཚན།|ccby|openAccess
W5329|ཙོང་ཁ་པའི་རྣམ་ཐར་ཐུབ་བསྟན་མཛེས་པའི་རྒྱན་གཅིག་ངོ་མཚར་ནོར་བུའི་ཕྲེང་བ།|ccby|openAccess
W5331|མཁས་གྲུབ་རྒྱ་མཚོའི་རྣམ་ཐར|ccby|openAccess
W1KG14621|སློབ་དཔོན་པདྨ་འབྱུང་གནས་དང་བྱང་པ་རྣམ་རྒྱལ་གྲགས་བཟང་གི་རྣམ་ཐར།|ccby|openAccess
W1KG14627|དཀོན་མཆོག་འཕན་དར་དང་ཀོང་སྤྲུལ་ཡོན་ཏན་རྒྱ་མཚོའི་རྣམ་ཐར།|ccby|openAccess
W1KG14663|དཔལ་གཉོས་རྒྱལ་བ་ལྷ་ནང་པའི་རྣམ་ཐར།|ccby|openAccess
W1KG14664|རྗེ་ལ་ཕྱི་པ་ཆེན་པོ་ནམ་མཁའ་རྒྱལ་མཚན་གྱི་རྣམ་ཐར་གསལ་བྱེད་དྲི་མེད་ཟླ་བའི་ཕྲེང་བ།|ccby|openAccess
W1KG14666|གནས་ཆེན་དོལ་པོ་ཤེལ་གྱི་རི་བོ་འབྲུག་སྒྲའི་གནས་ཡིག་དད་པའི་གསལ་འདེབས།|ccby|openAccess
W1KG14667|འབྲི་གུང་བཀའ་བརྒྱུད་ཀྱི་གདན་སའི་ལོ་རྒྱུས་གཙོ་བོར་བརྗོད་པ་དང་། ཁོ་བོ་དོན་གྲུབ་ཁང་གསར་གྱི་མི་ཚེའི་ལོ་རྒྱུས།|ccby|openAccess
W1KG2855|ཤེལ་གྱི་རི་བོ་འབྲུག་སྒྲའི་དཀར་ཆག་མཐོང་བ་དོན་ལྡན|ccby|openAccess
W1KG14784|དཔེ་རྒྱུན་དཀོན་པའི་བླ་མ་འགའི་རྣམ་ཐར་དང་གནས་རི་ངོ་སྤྲོད་མདོར་བསྡུས་གསེར་གྱི་མེ་ལོང་།|ccby|openAccess
W1KG14790|ཕ་འབྲུག་སྒོམ་ཞིག་པོའི་རྣམ་ཐར།|ccby|openAccess
W1KG14793|གཙོས་དགའ་ལྡན་ཆོས་གླིང་གི་གདན་རབས་ལེགས་བཤད་ནོར་བུའི་ཕྲེང་བ་མཛེས་པའི་རྒྱན།|ccby|openAccess
W1EE29|coyijid dakini-yin namtar|ccby|openAccess
W1KG17207|ཆེས་དཀོན་པའི་ས་སྐྱའི་མཁས་གྲུབ་ཆེན་པོ་ཁག་བཞིའི་རྣམ་ཐར།|ccby|openAccess
W1KG17208|མཁན་ཆེན་རིན་ཆེན་བཟང་པོ་མཆོག་གི་རྣམ་ཐར།|ccby|openAccess
W1KG17209|གདན་རབས་ངོ་མཚར་བང་མཛོད།|ccby|openAccess
W1KG17211|ཞྭ་ལུ་མཆོག་སྤྲུལ་བློ་གསལ་བསྟན་སྐྱོང་གི་རང་རྣམ་དང་མགུར་ཕྲེང་།|ccby|openAccess
W19824|མཁན་པོ་ངག་ཆུང་གི་རང་རྣམ|ccby|openAccess
W1KG17220|ལ་དྭགས་ཀྱི་གནས་ཡིག|ccby|openAccess
W19831|སྐལ་བཟང་དགོན་གྱི་བྱུང་བ|ccby|openAccess
W19832|ཞྭ་ལུ་གདན་རབས|ccby|openAccess
W6206|བསྟན་པའི་ཉི་མའི་རྣམ་ཐར|ccby|openAccess
W6475|ཞབས་དཀར་ཚོགས་དྲུག་རང་གྲོལ་གྱི་གསུང་འབུམ་ཐོར་བུ།|ccby|openAccess
W6486|ཚོགས་དྲུག་རང་གྲོལ་གྱི་རྣམ་ཐར་སྟོད་ཆ།|ccby|openAccess
W1KG4869|རྟོགས་པ་བརྗོད་པའི་ཚིགས་སུ་བཅད་པ་ཨུཏྤལའི་ཕྲེང་བ|ccby|openAccess
W25589|ནམ་མཁའ་རྒྱལ་མཚན་གྱི་ཕྱི་རྣམ་ཐར་འབྲིང་པོ|ccby|openAccess
W1KG14797|དགེ་སློང་མ་དཔལ་མོའི་མཛད་རྣམ་ཤེལ་དཀར་ཕྲེང་བ།|ccby|openAccess
W1KG14815|གྲུབ་ཐོབ་ཉག་རེ་སེ་བོའི་སྐྱེས་རབས་རྣམ་ཐར་མ་འོང་ལུང་བསྟན་ཞལ་ཆེམས་ཉམས་མགུར།|ccby|openAccess
W1KG5370|སྐྱབས་རྗེ་བྱ་བྲལ་སངས་རྒྱས་རྡོ་རྗེའི་རྣམ་ཐར་དང། བླ་མ་རྒྱང་འབོད། ཡུལ་དུས་རང་གཞན་ལ་སྐྱོ་བའི་ཉམས་མགུར|ccby|openAccess
W1KG14799|གྲུབ་ཆེན་བརྒྱད་ཅུ་རྩ་བཞིའི་རྣམ་ཐར།|ccby|openAccess
W1KG14795|སྐྱེས་རབས་སོ་བཞི་བའི་རྩ་འགྲེལ།|ccby|openAccess
W1KG14796|ཕ་དམ་པ་དང་མ་ཅིག་ལབ་སྒྲོན་གྱི་རྣམ་ཐར།|ccby|openAccess
W1KG13821|ཨ་མདོ་མགོན་པོའི་མི་ཚེའི་ལོ་རྒྱུས།|ccby|openAccess
W7371|བཀྲ་ཤིས་ལྷུན་པོའི་རྒྱུད་པ་གྲྭ་ཚང་གི་གདན་རབས་སོགས།|ccby|openAccess
W7438|ཐར་པའི་རྒྱལ་མཚན་གྱི་རྣམ་ཐར|ccby|openAccess
W7479|འཇིགས་མེད་གླིང་པའི་རྣམ་ཐར|ccby|openAccess
W7487|བསོད་ནམས་རྒྱ་མཚོའི་རྣམ་ཐར|ccby|openAccess
W7494|དེབ་ཐེར་སྔོན་པོ|ccby|openAccess
W7499|ཆོས་འབྱུང་མཁས་པའི་དགའ་སྟོན|ccby|openAccess
W1KG8824|གྲུབ་དབང་ཤཱཀྱ་ཤྲཱིའི་རྣམ་ཐར་མེ་ཏོག་ཕྲེང་བ།|ccby|openAccess
W7551|ཚངས་དབྱངས་རྒྱ་མཚོའི་གསང་རྣམ|ccby|openAccess
W7555|བྱ་མགྲིན་སྔོན་ཟླ་བའི་རྟོགས་བརྗོད།|ccby|openAccess
W7667|ཆོས་འབྱུང་དཔག་བསམ་ལྗོན་བཟང|ccby|openAccess
W7732|སུམ་པ་ཡེ་ཤེས་དཔལ་འབྱོར་གྱི་རང་རྣམ|ccby|openAccess
W7734|མི་དབང་རྟོགས་བརྗོད།|ccby|openAccess
W7735|བཀའ་བློན་རྟོགས་བརྗོད|ccby|openAccess
W1KG9265|རྒྱལ་དབང་ལྔ་པའི་རང་རྣམ་དུ་ཀཱུ་ལའི་གོས་བཟང་།|ccby|openAccess
W1CZ1852|བདེ་མཆོག་ཆོས་འབྱུང|ccby|openAccess
W1CZ1853|གྲུབ་ཐོབ་བརྒྱད་ཅུ་རྩ་བཞིའི་རྣམ་ཐར|ccby|openAccess
W1CZ1854|རྡོ་རྗེ་གླིང་པའི་ཟབ་གཏེར་རྣམས་དང་མཇལ་བའི་གཏེར་བྱང་རྣམ་ཐར|ccby|openAccess
W4CZ15581|འོལ་མོ་ལུང་རིངས་ཀྱི་བཀོད་པ་ངོ་མཚར་རྒྱ་མཚོའི་གཏེར།|ccby|openAccess
W1KG12984|ཀུན་མཁྱེན་མི་ཕམ་འཇམ་དབྱངས་རྣམ་རྒྱལ་རྒྱ་མཚོ་དང་འཇིགས་མེད་གོ་ཆའི་རྣམ་ཐར་སོགས།|ccby|openAccess
W1CZ1998|ཀརྨ་པ་ཆོས་དབྱིངས་རྡོ་རྗེའི་རྣམ་ཐར་སོགས|ccby|openAccess
W1CZ2043|མི་ཕམ་བློ་གྲོས་རྒྱ་མཚོའི་རྣམ་ཐར་རྒྱ་མཚོའི་བཅུད་བསྡུས་བརྡ་དོན་ངོ་མཚར་སྣང་བ|ccby|openAccess
W7972|ཆོས་འབྱུང་མེ་ཏོག་སྙིང་པོ་སྦྲང་རྩིའི་བཅུད|ccby|openAccess
W8140|ཤེས་རབ་བཀྲ་ཤིས་ཀྱི་རྣམ་ཐར|ccby|openAccess
W1KG13020|རྗེ་བཙུན་གཡུ་ཐོག་ཡོན་ཏན་མགོན་པོ་གསར་རྙིང་གི་རྣམ་ཐར།|ccby|openAccess
W8222|ཚངས་དབྱངས་རྒྱ་མཚོའི་རྣམ་ཐར|ccby|openAccess
W8224|དགའ་ལྡན་ཆོས་འབྱུང་བཻཌཱུ་རྱ་སེར་པོ|ccby|openAccess
W8239|ངག་དབང་བློ་བཟང་རྒྱ་མཚོའི་རྣམ་ཐར་འཕྲོ་འཐུས|ccby|openAccess
W8668|བློ་གྲོས་བརྟན་པའི་རྣམ་ཐར|ccby|openAccess
W8683|དམ་ཆོས་པད་དཀར་གྱི་རྣམ་ཐར།|ccby|openAccess
W8723|ཀུན་དགའ་ཆོས་ཀྱི་རྒྱ་མཚོའི་རྣམ་ཐར།|ccby|openAccess
W1GS56158|རྣལ་འབྱོར་གྱི་དབང་ཕྱུག་ཆེན་པོ་རྗེ་བཙུན་མི་ལ་རས་པའི་རྣམ་པར་ཐར་པ་དང་ཐམས་ཅད་མཁྱེན་པའི་ལམ་སྟོན|ccby|openAccess
W1GS58280|འོད་ཟེར་བླ་མའི་རྣམ་ཐར|ccby|openAccess
W1GS58283|བཀའ་བཅུ་གྲགས་པ་རྒྱ་མཚོའི་རྣམ་ཐར་ཕྱོགས་བསྡེབས་པད་དཀར་ཆུན་པོའི་དཀར་ཆག|ccby|openAccess
W1GS58292|ངག་དབང་བསོད་ནམས་ལྷུན་གྲུབ་ཀྱི་རྣམ་པར་ཐར་པ|ccby|openAccess
W8869|བཀའ་ཐང་ཡིད་ཀྱི་མུན་སེལ།|ccby|openAccess
W8873|པདྨ་འབྱུང་གནས་ཀྱི་རྣམ་ཐར|ccby|openAccess
W20905|རྒྱལ་དབང་འབྲུག་ཆེན་དཔག་བསམ་དབང་པོ་དང་མི་ཕམ་དབང་པོའི་རྣམ་ཐར|ccby|openAccess
W4CZ1021|བཀའ་གདམས་བུ་ཆོས།|ccby|openAccess
W4CZ1035|ཆོས་འབྱུང་བསྟན་པའི་ཉི་མ།|ccby|openAccess
W4CZ1040|རས་ཆུང་རྡོ་རྗེ་གྲགས་པའི་རྣམ་ཐར་རགས་བསྡུས་མགུར་རྣམ་རྒྱས་པ།|ccby|openAccess
W4CZ1043|གྲུབ་ཐོབ་གླིང་རས་ཀྱི་རྣམ་མགུར་མཐོང་བ་དོན་ལྡན།|ccby|openAccess
W4CZ1045|སྦྱིན་པ་མཐར་ཕྱིན་གྱི་རྣམ་མགུར་དད་པའི་སྤུ་ལོང་གཡོ་བྱེད་མཐོང་བ་དོན་ལྡན།|ccby|openAccess
W4CZ1085|ཐང་སྟོང་རྒྱལ་པོའི་རྣམ་ཐར་ངོ་མཚར་ཀུན་གསལ་མེ་ལོང་གསར་པ།|ccby|openAccess
W4CZ1099|ཙོང་ཁ་པའི་རྣམ་ཐར་ཐུབ་བསྟན་མཛེས་པའི་རྒྱན་གཅིག་ངོ་མཚར་ནོར་བུའི་ཕྲེང་བ།|ccby|openAccess
W933|བཀའ་གདམས་གསར་རྙིང་གི་ཆོས་འབྱུང|ccby|openAccess
W9366|དམ་ཅན་བསྟན་སྲུང་རྒྱ་མཚོའི་རྣམ་ཐར།༼དབུ་ཅན་བྲིས་མ།༽|ccby|openAccess
W9752|བློ་བཟང་ཆོས་ཀྱི་རྒྱལ་མཚན་གྱི་རྣམ་ཐར།|ccby|openAccess
W1CZ1869|བྱང་སེམས་རྒྱལ་བ་ཡེ་ཤེས་ཀྱི་རྣམ་ཐར|ccby|openAccess
W1CZ2000|འཇམ་དབྱངས་བཞད་པའི་རྡོ་རྗེའི་རྣམ་པར་ཐར་པ་ཡོངས་སུ་བརྗོད་པའི་གཏམ་དུ་བྱ་བ་དད་པའི་སྒོ་འབྱེད་ཀཻ་ཏ་ཀའི་འཕྲེང་བ།|ccby|openAccess
W1KG13432|ཀློང་ཆེན་ཆོས་འབྱུང་།|ccby|openAccess
W9888|ངག་དབང་དཔལ་བཟང་གི་རང་གི་རྣམ་ཐར|ccby|openAccess
W4CZ20868|བཀའ་ཐང་ཟངས་གླིང་མ།|ccby|openAccess
W1EE71|རྗེ་ཙོང་ཁ་པ་ཆེན་པོའི་རྣམ་ཐར་གོ་སླ་བར་བརྗོད་པ་བདེ་ལེགས་ཀུན་འབྱུང་། （སོག་ཡིག）|ccby|openAccess
W1KG13604|ཀུན་མཁྱེན་འཇམ་དབྱངས་བཞད་པ་སྐུ་འཕྲེང་གཉིས་པ་རྗེ་འཇིགས་མེད་དབང་པོའི་རྣམ་ཐར།|ccby|openAccess
W1KG13616|ཁྲོ་ཕུ་ལོ་ཙཱ་བ་བྱམས་པ་དཔལ་གྱི་རང་རྣམ།|ccby|openAccess
W1KG13685|འཇམ་མགོན་ཆོས་ཀྱི་རྒྱལ་པོ་ཙོང་ཁ་པ་ཆེན་པོའི་རྣམ་ཐར།|ccby|openAccess
W22358|རྗེ་བླ་ཁོ་འཇིགས་མེད་འཕྲིན་ལས་རྒྱ་མཚོའི་རྣམ་ཐར|ccby|openAccess
W24881|མཁས་དབང་བར་ཞི་ཡབ་ཆེན་ཕུན་ཚོགས་དབང་རྒྱལ་གྱི་རྣམ་ཐར|ccby|openAccess
W1KG1794|བོད་བརྒྱུད་སངས་རྒྱས་གཡུང་དྲུང་བོན་གྱི་བགྲོད་ལམ་དགའ་བའི་སེམས།|ccby|openAccess
W1KG1934|the all pervading melodious sound of thunder: the outer liberation story of terton migyur dorje|ccby|openAccess
W25006|པཎྜི་ཏ་སུམ་པ་ཡེ་ཤེས་དཔལ་འབྱོར་མཆོག་གི་སྤྱོད་ཚུལ་བརྗོད་པ་སྒྲ་འཛིན་བཅུད་ལེན|ccby|openAccess
W1KG3831|འཇིག་རྟེན་དབང་ཕྱུག་དཔལ་ཀརྨ་བཅོ་ལྔ་པ་མཁའ་ཁྱབ་རྟག་པའི་རྡོ་རྗེའི་རྣམ་པར་ཐར་པ|ccby|openAccess
W1KG4193|རྡོ་རྗེ་འཛིན་པ་ཆེན་པོ་བསོད་ནམས་འོད་ཟེར་གྱི་རྣམ་ཐར་སྙན་ཚིག་འདོད་འཇོའི་འཁྲི་ཤིང|ccby|openAccess
W1KG4204|ཆོས་རྒྱལ་ཆེན་པོ་ཤེས་རབ་དབང་ཕྱུག་གི་དགེ་བའི་ཆོ་ག་རབ་ཏུ་གསལ་བའི་གཏམ་མུ་ཏིག་དོ་ཤལ|ccby|openAccess
W1KG4232|བཀའ་བརྒྱུད་ཆོས་འབྱུང་ནོར་བུའི་ཕྲེང་བ།|ccby|openAccess
W1PD90416|ཀུན་དགའ་རྣམ་རྒྱལ་གྱི་རྣམ་ཐར།|ccby|openAccess
W25577|བྱམས་ཆེན་ཆོས་རྗེའི་རྣམ་ཐར|ccby|openAccess
W25579|བསོད་ནམས་རྩེ་མོའི་རྣམ་ཐར|ccby|openAccess
W4CZ1260|འཇིགས་མེད་གླིང་པའི་རྣམ་ཐར་།|ccby|openAccess
W20831|ལྡེའུ་ཆོས་འབྱུང|ccby|openAccess
W00CHZ0103342|ཐུབ་པའི་དབང་པོའི་སྐྱེས་རབས་གསལ་བར་བརྗོད་པ་བརྒྱ་ལྔ་བཅུ་པ།|ccby|openAccess
W00CHZ0103343|རྒྱ་གར་ཆོས་འབྱུང་།|ccby|openAccess
W00CHZ0103344|རྒྱ་ནག་ཆོས་འབྱུང|ccby|openAccess
W00CHZ0103345|ལམ་འབྲས་བླ་མ་བརྒྱུད་པའི་རྣམ་ཐར|ccby|openAccess
W00EGS1016199|ཤེས་རབ་དབང་པོའི་རྣམ་ཐར་ངོ་མཚར་རྨད་བྱུང|ccby|openAccess
W00EGS1016615|སྤང་ནང་རིན་པོ་ཆེའི་མཛད་རྣམ་དད་གུས་འདྲེན་པའི་ཤིང་རྟ།|ccby|openAccess
W00EGS1016678|ལྷོ་ལུང་དཀར་དགོན་གྱི་གདན་རབས་ཆོས་འབྱུང|ccby|openAccess
W00EGS1016680|གཅིག་སྒྲིལ་ས་ཁུལ་གྱི་དགོན་སྡེ་ཁག་གི་གདན་རབས་ཕྱོགས་བསྒྲིགས|ccby|openAccess
W00EGS1016695|ཁང་གསར་སྐྱབས་མགོན་བློ་བཟང་ཚུལ་ཁྲིམས་བསྟན་པའི་རྒྱལ་མཚན་གྱི་རྣམ་ཐར|ccby|openAccess
W00EGS1016705|སྲས་མཁར་དགུ་ཐོག་སོགས་བོད་ཀྱི་གནས་ཡིག་ཁག་ཅིག|ccby|openAccess
W00EGS1016731|བོད་ཀྱི་རྒྱལ་ས་ལྷ་སའི་སྣང་ཚུལ་མདོར་བསྡུས|ccby|openAccess
W00EGS1016795|དཔལ་ལྡན་ཀརྨ་པ་ཆེན་པོ་རྗེ་བཙུན་ཆོས་དབྱིངས་རྡོ་རྗེའི་རྣམ་པར་ཐར་པ་དད་པའི་དགའ་སྟོན|ccby|openAccess
W00EGS1016800|གངས་ཅན་འདིར་སྟོན་པའི་རྒྱལ་ཚབ་དཔལ་སྒམ་པོ་པའི་ཁྲི་གདུང་འཛིན་པའི་དམ་པ་རྣམས་ཀྱི་གཏམ་བཻ་ཌཱུ་རྱའི་ཕྲེང་བ|ccby|openAccess
W00EGS1016931|བྱར་གསང་སྔགས་ཆོས་གླིང་གི་ལོ་རྒྱུས་རྒན་པོའི་གནའ་གཏམ|ccby|openAccess
W00EGS1016935|རིག་འཛིན་ཆོས་རྒྱལ་གླིང་པའི་རྣམ་ཐར|ccby|openAccess
W00EGS1016941|འཕགས་པ་ཐུགས་རྗེ་ཆེན་པོའི་སྒྲུབ་ཐབས་ཀྱི་བླ་མ་བརྒྱུད་པའི་རྣམ་ཐར་རིན་ཆེན་འཕྲེང་བ་དང་པོ་བསྟོད་འགྲེལ་པ་དོན་གསལ་སྣང་བ་བཅས|ccby|openAccess
W00EGS1016969|ཤར་སྐལ་ལྡན་རྒྱ་མཚོ་སྐུ་ཕྲེང་བརྒྱད་པའི་ཡོངས་འཛིན་འཇམ་པའི་དབྱངས་རྗེ་དགེ་འདུན་བསྟན་འཛིན་གྱི་རྣམ་ཐར་དད་པའི་མཛེས་རྒྱན|ccby|openAccess
W00EGS1016983|འཇམ་དབྱངས་ཀུན་དགའ་བསྟན་པའི་རྒྱལ་མཚན་གྱི་རྣམ་ཐར|ccby|openAccess
W00EGS1016994|དུས་འཁོར་ཆོས་འབྱུང་ཨིནྡྲ་ནཱི་ལའི་ཕྲ་ཚོམ|ccby|openAccess
W00EGS1016999|གྲུབ་ཆེན་ཏཻ་ལོ་པ་ཤེས་རབ་བཟང་པོའི་རྣམ་ཐར|ccby|openAccess
W00EGS1017004|པཎ་ཆེན་ནཱ་རོ་པ་ཡེ་ཤེས་དངོས་གྲུབ་ཀྱི་རྣམ་ཐར|ccby|openAccess
W00EGS1017043|ཀླུ་སྦྱིན་དགེ་བཤེས་རིན་པོ་ཆེའི་རྣམ་ཐར|ccby|openAccess
W00EGS1017048|གྲུབ་པའི་དབང་ཕྱུག་སྒྲུབ་བརྒྱུད་དཔའ་བོ་སྟག་ཤམ་ཅན་སྐུ་རབས་རིམ་བྱོན་གྱི་རྣམ་པར་ཐར་པ་མདོ་ཙམ་བརྗོད་པ་རྫོགས་ལྡན་གསར་པའི་དགའ་སྟོན|ccby|openAccess
W00EGS1017051|ཀཾ་ཚང་བླ་མ་ཡབ་སྲས་དྲུག་གི་རྣམ་པར་ཐར་པ་ལ་མགོ་རྟོག་འགོག་བྱེད་ཀྱི་བསྟན་བཅོས་དྭངས་གསལ་ཤེས་ཀྱི་མེ་ལོང|ccby|openAccess
W00EGS1017059|བལ་ཡུལ་མཆོད་རྟེན་གསུམ་གྱི་ལོ་རྒྱུས་དང་གནས་བཤད་གངས་ཅན་རྣ་བའི་བདུད་རྩི|ccby|openAccess
W00EGS1017077|ཆོས་འབྱུང་ཀུན་གསལ་མེ་ལོང|ccby|openAccess
W00EGS1017102|རྫོང་ཆོས་ཆོས་འབྱུང་བདུད་རྩིའི་ཟིལ་མངར།|ccby|openAccess
W00EGS1017117|གྲུབ་དབང་སྐྱང་རྩེ་སྐུ་ཕྲེང་རིམ་བྱོན་གྱི་རྣམ་ཐར|ccby|openAccess
W00EGS1017150|སླེ་ལུང་རྗེ་དྲུང་སྐུ་ཕྲེང་ན་རིམ་གྱི་རྣམ་ཐར་ངོ་མཚར་རྒྱ་མཚོའི་ཆུ་ཐིག|ccby|openAccess
W00EGS1017157|གནས་ཆེན་ཁ་བ་དཀར་པོའི་བསང་མཆོད་དང་གནས་ཡིག|ccby|openAccess
W00EGS1017393|སྨར་པ་བཀའ་བརྒྱུད་ཀྱི་རྣམ་ཐར་ཕྱོགས་བསྒྲིགས|ccby|openAccess
W00EGS1017419|སྔ་འགྱུར་རྙིང་མའི་ཆོས་འབྱུང་ངོ་མཚར་ཚད་མ་གསུམ་ལྡན།|ccby|openAccess
W00KG01|སྦས་ཡུལ་སྤྱི་དང་བྱེ་བྲག་ཡོལ་མོ་གངས་རའི་གནས་ཡིག|ccby|openAccess
W00KG010083|བཀའ་ཆེམས་ཀ་ཁོལ་མ|ccby|openAccess
W00KG010085|ར་ཆུང་གཏེར་སྟོན་པདྨ་འཕྲིན་ལས་གླིང་པའི་རྣམ་ཐར|ccby|openAccess
W00KG013|གསོ་རིག་མཁས་དབང་ཁག་གི་རྣམ་ཐར་ཕྱོགས་བསྒྲིགས|ccby|openAccess
W00KG016|རྗེ་རིན་པོ་ཆེ་མཉམ་མེད་ཤེས་རབ་རྒྱལ་མཚན་གྱི་རྣམ་ཐར|ccby|openAccess
W00KG01635|རིས་མེད་ཆོས་ཀྱི་འབྱུང་གནས་མདོ་ཙམ་སྨོས་པ་བློ་གསལ་མགྲིན་པའི་མཛེས་རྒྱན|ccby|openAccess
W00KG01644|ཙཱ་འདྲ་གནས་འདུས་སྒོ་བྱང|ccby|openAccess
W00KG01650|ངག་དབང་ཐུབ་བསྟན་བསྐལ་བཟང་བསྟན་པའི་སྒྲོན་མེའི་རྣམ་ཐར|ccby|openAccess
W00KG01651|བློ་གྲོས་རྒྱ་མཚོའི་རྟོགས་བརྗོད|ccby|openAccess
W00KG02749|པདྨ་འཕྲིན་ལས་ཀྱི་རང་ཉིད་ཀྱི་རྟོགས་བརྗོད་རབ་དཀར་ཤེལ་གྱི་མེ་ལོང|ccby|openAccess
W00KG03598|ཁྲི་ཆེན་རབ་བརྟན་རྒྱ་མཚོའི་རྣམ་ཐར་རྒྱས་པ|ccby|openAccess
W00KG03653|འདས་ལོག་ཀརྨ་དབང་འཛིན་གྱི་རྣམ་ཐར་ཐར་པའི་ལྕགས་ཀྱུ།|ccby|openAccess
W00KG03746|པདྨ་ཐང་ཡིག|ccby|openAccess
W00KG03789|འདས་ལོག་དཀར་ཆག་ཐར་པའི་ལམ་སྟོན་གསལ་བའི་སྒྲོན་མེ།|ccby|openAccess
W00KG03795|འབྲི་གུང་གཏེར་སྒྲོམ་གནས་ཡིག|ccby|openAccess
W00KG03799|མཆོག་སྤྲུལ་བསོད་ནམས་སྙན་གྲགས་ཀྱི་རྣམ་ཐར|ccby|openAccess
W00KG03886|མཆོག་གླིང་རྣམ་ཐར་བཀྲ་ཤིས་དབྱངས་སྙན|ccby|openAccess
W00KG03958|རྗེ་བཙུན་ཆོས་ཀྱི་གྲགས་པ་བློ་གྲོས་རྒྱལ་མཚན་དཔལ་བཟང་པོའི་རྣམ་ཐར|ccby|openAccess
W00KG04004|ཀུན་དགའ་གྲོལ་མཆོག་གི་གསུང་འབུམ།（དབུ་མེད་བྲིས་རྙིང་།）|ccby|openAccess
W00KG07|ལམ་འབྲས་པ་འཇམ་དབྱངས་སེངྒེའི་རྣམ་ཐར།|ccby|openAccess
W00KG07866|སྔ་འགྱུར་དགེ་མང་དགོན་གྱི་གདན་རབས་དང་མཁན་དོན་གྲུབ་ཉི་མ་མཆོག་གི་མཛད་རྣམ་མདོར་བསྡུས|ccby|openAccess
W00KG08442|ཕུར་པའི་ཆོས་འབྱུང་དང་རྒྱུད་འགྲེལ།|ccby|openAccess
W00KG09216|བཀའ་བབ་བདུན་ལྡན་གྱི་བརྒྱུད་པའི་རྣམ་ཐར|ccby|openAccess
W00KG09218|ཡོངས་དགེ་མི་འགྱུར་རྡོ་རྗེའི་རྣམ་ཐར། པདྨ་དྲི་མེད་འོད་ཟེར་གྱི་ཕྱི་ནང་གསང་བའི་རྟོགས་བརྗོད། ཡོངས་དགེའི་ཞལ་གཟིགས་པཀྴི་བླ་སྒྲུབ་བཅས།|ccby|openAccess
W00KG09349|ཐེག་པ་ཆེན་པོ་རྒྱུད་བླ་མའི་བསྟན་བཅོས་ལེགས་བཤད་ཉི་མའི་འོད་ཟེར་སོགས།|ccby|openAccess
W00KG09387|ཏཱའི་སི་ཏུ་ཀརྨ་བསྟན་པའི་ཉིན་བྱེད་ཀྱི་རང་རྣམ་དྲི་བྲལ་ཤེལ་གྱི་མེ་ལོང་།|ccby|openAccess
W00KG09683|གསུང་ཐོར་བུ། སངས་སྤྲུལ་དཀོན་མཆོག་བསྟན་པའི་རྒྱལ་མཚན།|ccby|openAccess
W00KG09686|བླ་བྲང་བཀྲ་ཤིས་འཁྱིལ་གྱི་གདན་རབས་ལྷའི་རྔ་ཆེན|ccby|openAccess
W00KG09688|ཇོ་བོ་རྗེ་དཔལ་ལྡན་ཨ་ཏི་ཤའི་རྣམ་ཐར་བཀའ་གདམས་ཕ་ཆོས|ccby|openAccess
W00KG09691|འབྲོམ་སྟོན་རྒྱལ་བའི་འབྱུང་གནས་ཀྱི་སྐྱེས་རབས་བཀའ་གདམས་བུ་ཆོས|ccby|openAccess
W00KG09693|ལྕང་སྐྱ་རོལ་པའི་རྡོ་རྗེའི་རྣམ་ཐར|ccby|openAccess
W00KG09733|ཆོས་འབྱུང་ལུང་རིགས་སྒྲོན་མེ|ccby|openAccess
W00KG09736|ས་སྐྱ་ཆོས་འབྱུང|ccby|openAccess
W00KG09744|ཐང་སིན་བླ་མའི་རྟོགས་བརྗོད|ccby|openAccess
W00KG09748|དྭགས་པོ་བཀའ་བརྒྱུད་ཀྱི་རིང་ལུགས་དྲི་མ་མེད་པའི་ཚུལ་ཅུང་ཟད་གླེང་བ།|ccby|openAccess
W00KG09751|ཉི་ཧོང་ཆོས་འབྱུང་ཕྱོགས་བསྡུས|ccby|openAccess
W00KG09753|རྒྱ་ནག་ཆོས་འབྱུང་། ༼ཀྲུང་གོའི་བོད་རིག་པ་དཔེ་སྐྲུན་ཁང་།༽|ccby|openAccess
W00KG09763|དཔལ་འབའ་རོམ་པ་ཆེན་པོའི་བརྒྱུད་པ་གསེར་གྱི་ཕྲེང་བ|ccby|openAccess
W00KG09767|སྐྱབས་རྗེ་འབྲུག་ཆེན་གདུང་སྲས་རིན་པོ་ཆེ་མཆོག་གི་མཛད་རྣམ་མདོར་བསྡུས|ccby|openAccess
W00KG09824|གངས་ཏི་སེ་དང་མ་ཕམ་གཡུ་མཚོའི་གནས་ཡིག|ccby|openAccess
W00KG09825|རིས་མེད་ཆོས་འབྱུང|ccby|openAccess
W00KG09978|མཁན་ཆེན་ཐུབ་བསྟན་ཆོས་ཀྱི་གྲགས་པའི་རྟོགས་བརྗོད་དང་གསུང་རྩོམ་ཕྱོགས་བསྒྲིགས|ccby|openAccess
W10130|རིས་མེད་ཆོས་འབྱུང་།（སི་ཁྲོན་མི་རིགས་དཔེ་སྐྲུན་ཁང་།）|ccby|openAccess
W10131|མཁན་ཆེན་བསམ་གཏན་བློ་གྲོས་ཀྱི་རྣམ་ཐར།|ccby|openAccess
W10308|ལམ་འབྲས་ཁོག་ཕུབ|ccby|openAccess
W10314|གསང་འདུས་ཆོས་འབྱུང|ccby|openAccess
W10316|གཤེད་སྐོར་གྱི་ཆོས་འབྱུང|ccby|openAccess
W10319|བཀའ་གདམས་ཆོས་འབྱུང|ccby|openAccess
W10329|མུས་ཆེན་སངས་རྒྱས་རྒྱལ་མཚན་གྱི་རྣམ་ཐར|ccby|openAccess
W10345|ངོར་པའི་ཆོས་འབྱུང|ccby|openAccess
W10419|ངོར་མཁན་ཆེན་དཔལ་ལྡན་ཆོས་སྐྱོང་ཞབས་ཀྱི་རྣམ་ཐར། ༼སྡེ་དགེ་པར་མ་བསྐྱར་པར།༽|ccby|openAccess
W10437|ཆོས་འབྱུང་བསྟན་པའི་པདྨ་རྒྱས་པའི་ཉིན་བྱེད|ccby|openAccess
W11575|དགའ་ལྡན་ཤར་རྩེའི་ཆོས་འབྱུང|ccby|openAccess
W11860|བླ་མ་བརྒྱུད་པའི་རྣམ་ཐར་ངོ་མཚར་སྣང་བ|ccby|openAccess
W12034|བློ་བཟང་བསྟན་འཛིན་རྒྱ་མཚོའི་རྣམ་ཐར|ccby|openAccess
W12362|བཅོམ་ལྡན་འདས་ཐུབ་པའི་དབང་པོའི་མཛད་པ་མདོ་ཙམ་བརྗོད་པ་མཐོང་བས་དོན་ལྡན་སོགས།|ccby|openAccess
W12434|རྒྱ་གར་ཆོས་འབྱུང|ccby|openAccess
W19825|འདུལ་བའི་ཆོས་འབྱུང་།|ccby|openAccess
W12828|ཆོས་འབྱུང་རིན་པོ་ཆེའི་གཏེར་མཛོད་བསྟན་པ་གསལ་བར་བྱེད་པའི་ཉི་འོད|ccby|openAccess
W13868|གཡུ་ཐོག་གསར་རྙིང་གི་རྣམ་ཐར|ccby|openAccess
W13887|རྟོགས་པ་བརྗོད་པ་བརྒྱ་པ།|ccby|openAccess
W14023|བཀྲ་ཤིས་རྒྱལ་མཚན་གྱི་རྣམ་ཐར།|ccby|openAccess
W14371|གྲགས་པ་མཐའ་ཡས་ཀྱི་རྣམ་ཐར|ccby|openAccess
W14457|དགའ་ལྡན་ཤར་རྩེའི་ཆོས་འབྱུང|ccby|openAccess
W14615|བློ་བཟང་ཡེ་ཤེས་བསྟན་འཛིན་རྒྱ་མཚོའི་རང་རྣམ|ccby|openAccess
W1KG18255|བཀའ་ཐང་སྡེ་ལྔ།|ccby|openAccess
W15269|ཀུན་དགའ་རྣམ་རྒྱལ་གྱི་རྣམ་ཐར།|ccby|openAccess
W6004|མདོ་སྨད་ཆོས་འབྱུང|ccby|openAccess
W19816|ཇོ་ནང་ཆོས་འབྱུང་ཟླ་བའི་སྒྲོན་མེ|ccby|openAccess
W4CZ41808|དཔལ་གཙུག་ལག་ཕྲེང་བའི་རང་ཚུལ་མདོར་བསྡུས་པ་དོན་ཚན་དགུ་པ།|ccby|openAccess
W1KG10015|སྤོ་བོ་གཏེར་སྟོན་བདུད་འདུལ་རྡོ་རྗེ་དང་གནམ་ཆོས་མི་འགྱུར་རྡོ་རྗེའི་ཆོས་སྐོར།|ccby|openAccess
W1KG10134|བླ་མ་རྡོ་རྗེ་གྲོ་ལོད་ཀྱི་རྣམ་ཐར།|ccby|openAccess
W29041|སྡེ་དགེ་དགོན་ཆེན་དགོན་པའི་ལོ་རྒྱུས|ccby|openAccess
W1KG2763|དཀར་བརྒྱུད་འཕྲིན་ལས་ཤིང་རྟ་ཆེན་པོའི་རྣམ་པར་ཐར་པ་དད་པ་རྒྱ་མཚོའི་གྲུ་རྫིངས|ccby|openAccess
W1KG483|གྲུབ་དབང་ཐུབ་བསྟན་འཕེལ་རྒྱས་ཀྱི་རྣམ་ཐར།|ccby|openAccess
W29639|བླ་མ་བསོད་ནམས་སྟོབས་ལྡན་གྱི་རྣམ་ཐར་སོགས།|ccby|openAccess
W29645|ཞེ་ཆེན་རྒྱལ་ཚབ་ཆོས་འབྱུང|ccby|openAccess
W4CZ45266|སྣང་ས་འོད་འབུམ་གྱི་རྣམ་ཐར།|ccby|openAccess
W1KG20788|འཕགས་ཡུལ་རྒྱ་ནག་ཆེན་པོ་བོད་དང་སོག་ཡུལ་རྣམས་སུ་དམ་པའི་ཆོས་བྱུང་ཚུལ་དཔག་བསམ་ལྗོན་བཟང་།|ccby|openAccess
W1KG20875|འགྲོ་བ་བཟང་མོའི་རྣམ་ཐར།|ccby|openAccess
W1KG20876|གཟུགས་ཀྱི་ཉི་མའི་རྣམ་ཐར།|ccby|openAccess
W1KG20877|འདས་ལོག་ཀརྨ་དབང་འཛིན་གྱི་རྣམ་ཐར།|ccby|openAccess
W1KG20878|འདས་ལོག་སངས་རྒྱས་ཆོས་འཛོམས་ཀྱི་རྣམ་ཐར་དད་པའི་སྤུ་ལོང་།|ccby|openAccess
W8LS15975|གྲུབ་ཐོབ་བརྒྱད་བཅུ་རྩ་བཞིའི་རྣམ་ཐར།|ccby|openAccess
W8LS16183|མདོ་སྔགས་བསྟན་འཛིན་སྒྲོན་མེའི་རྣམ་ཐར།|ccby|openAccess
W8LS16204|དཔལ་སྤྲུལ་སྐུ་འཕྲེང་རིམ་བྱོན་གྱི་མཛད་རྗེས་ཀྱི་ལོ་རྒྱུས།|ccby|openAccess
W4CZ48435|ཟུར་མང་བཀའ་བརྒྱུད་ཆོས་འབྱུང་།|ccby|openAccess
W1KG21959|ས་སྐྱའི་ལམ་འབྲས་བླ་བརྒྱུད་ཀྱི་རྣམ་ཐར།|ccby|openAccess
W1KG22131|ས་སྐྱ་ཁྲི་ཆེན་རྡོ་རྗེ་འཆང་ངག་དབང་མཐུ་སྟོབས་དབང་ཕྱུག་གྱི་རྣམ་ཐར།|ccby|openAccess
W1KG22301|སྐྱེས་རབས་བརྒྱ་པ།|ccby|openAccess
W3MS471|འཇམ་དབྱངས་བཞད་པའི་རྡོ་རྗེ་བློ་བཟང་ཐུབ་བསྟན་འཇིགས་མེད་རྒྱ་མཚོའི་རྣམ་པར་ཐར།|ccby|openAccess
W1KG22408|སེ་ར་རྗེ་བཙུན་ཆོས་ཀྱི་རྒྱལ་མཚན་གྱི་རྣམ་ཐར། ༼སྐུ་འབུམ་པར་མ།༽|ccby|openAccess
W1KG22483|ཐུགས་རྗེ་ཆེན་པོའི་རྣམ་སྤྲུལ་ཆོས་རྒྱལ་སྲོང་བཙན་སྒམ་པོའི་རྣམ་ཐར།|ccby|openAccess
W8LS16879|རིན་ཆེན་བློ་གྲོས་ཀྱི་རྣམ་ཐར།|ccby|openAccess
W3CN2397|དཔལ་ཆེན་ཧའོ་དགོན་གྱི་གནས་ཡིག|ccby|openAccess
W1KG22691|དཔལ་རྒྱལ་དབང་ཀརྨ་པ་སྐུ་ཕྲེང་བཅུ་དྲུག་པ་ཚུན་རིམ་པར་བྱོན་པའི་རྣམ་ཐར་ཕྱོགས་བསྒྲིགས།|ccby|openAccess
